Workbook
Name AppliesTo_list: Settings!$A$2:$A$13
Name Evidence_list: Settings!$B$2:$B$11
Name FailureType_List: Settings!$D$2:$D$6
Name Severity_List: Settings!$C$2:$C$6

Sheet Engine_review_score
A1: INPUT | B1: Value
A2: ProductType(s) (use ; to separate)
A3: Productnaam
A4: Merk
A5: Batch/Lot
A6: THT/Productiedatum
A7: Review_datum | C7: Handmatig: vul de datum van de review in (YYYY-MM-DD). Backend: automatisch timestamp.
A8: Review_valid_until | B8: =IF(B7="","",DATE(YEAR(B7)+INT(B33/12),MONTH(B7)+MOD(B33,12),DAY(B7))) | C8: AUTO — berekend als Review_datum + Review_validity_months (MODEL SETTINGS B33). Backend: timestamp_review + validity_months.
A9: Review_trigger | C9: Handmatig: kies één trigger. Backend: automatisch bepaald door monitoring-service.
A10: Product_complexity_tier | B10: =IF(B26="","",IF(B26<=2,"Single",IF(B26<=6,"Multi","Complex"))) -> Single | C10: AUTO — berekend op basis van Ingredient_count (B26). Backend: count(product_ingredients WHERE product_id=current).
A11: Context_flags | B11: =B27 -> [BACKEND] Context flags worden automatisch berekend door de backend via de Context_Flag_Rules tabel. In productie: JOIN(matched_flags, " | ") op basis van product_ingredients + drempelwaarden. Zie sheet Context_Flag_Rules voor alle 59 regels. Handmatige override mogelijk via B11 (INPUT). | C11: AUTO — doorverwijzing naar Context_flags_computed (B27), samengesteld op basis van Context_Flag_Rules. Backend: JOIN(matched_flags, " | ").
A12: Reviewer | C12: Handmatig: naam of ID van de reviewer. Backend: user_id van ingelogde reviewer.
A14: HELPERS | B14: Value
A15: Has_Omega3 | B15: =IF(COUNTIF($B$2,"*OMEGA3*")>0,1,0) -> 0
A16: Has_Probiotic | B16: =IF(COUNTIF($B$2,"*PROBIOTIC*")>0,1,0) -> 0
A17: Has_Botanical | B17: =IF(ISNUMBER(LOOKUP("BOTANICAL",$B$2)),1,0) -> 0
A18: Has_Vitamin | B18: =IF(COUNTIF($B$2,"*VITAMIN*")>0,1,0) -> 0
A19: Has_Mineral | B19: =IF(COUNTIF($B$2,"*MINERAL*")>0,1,0) -> 0
A20: Has_Amino | B20: =IF(COUNTIF($B$2,"*AMINO*")>0,1,0) -> 0
A21: Has_Protein | B21: =IF(COUNTIF($B$2,"*PROTEIN*")>0,1,0) -> 0
A22: Has_Polyphenol | B22: =IF(COUNTIF($B$2,"*POLYPHENOL*")>0,1,0) -> 0
A23: Has_Enzyme | B23: =IF(COUNTIF($B$2,"*ENZYME*")>0,1,0) -> 0
A24: Has_Lipid | B24: =IF(COUNTIF($B$2,"*LIPID*")>0,1,0) -> 0
A25: Has_Sport | B25: =IF(COUNTIF($B$2,"*SPORT*")>0,1,0) -> 0
A26: Ingredient_count | B26: =COUNTA(ingredient_db) -> 1 | C26: AUTO — backend: COUNT(product_ingredients WHERE product_id = this product)
A27: Context_flags_computed | B27: ="[BACKEND] Context flags worden automatisch berekend door de backend via de Context_Flag_Rules tabel. "&"In productie: JOIN(matched_flags, "" | "") op basis van product_ingredients + drempelwaarden. "&"Zie sheet Context_Flag_Rules voor alle 59 regels. "&"Handmatige override mogelijk via B11 (INPUT)." -> [BACKEND] Context flags worden automatisch berekend door de backend via de Context_Flag_Rules tabel. In productie: JOIN(matched_flags, " | ") op basis van product_ingredients + drempelwaarden. Zie sheet Context_Flag_Rules voor alle 59 regels. Handmatige override mogelijk via B11 (INPUT). | C27: AUTO — samengesteld uit Context_Flag_Rules sheet (zie aparte tabel)
A29: MODEL SETTINGS | B29: Value
A30: CriticalFailCapPct | B30: 49
A31: CriteriaRowStart | B31: 37
A32: CriteriaRowEnd | B32: 1000
A33: Review_validity_months | B33: 12 | C33: Instelling — pas aan indien gewenst | Q33: Strong/Moderate/Weak | R33: b6_risk | pregnancy | sport_doping | ... | S33: Single | Multi | Complex | T33: YYYY-MM-DD | U33: annual | formula_change | new_safety_data | batch_change | recall_alert | V33: Auto (formula)
A34: Confidence_threshold_publish | B34: 0.6 | C34: Instelling — pas aan indien gewenst
A36: Category | B36: Criterion | C36: Weight | D36: Critical? (Y/N) | E36: AppliesTo | F36: Evidence to collect 1 | G36: Evidence to collect 2 | H36: Pass (1/0/-1) | I36: Applies (0/1) | J36: Score | K36: Notes | L36: QA_flag | M36: Severity | N36: Evidence_status | O36: Failure_type | P36: Consumer_impact | Q36: Evidence_quality | R36: Context_flags | S36: Product_complexity_tier | T36: Review_valid_until | U36: Review_trigger | V36: Confidence_score
A37: Identity & Labeling | B37: Alle actieve ingrediënten + exacte doseringen volledig gedeclareerd (geen proprietary blend). | C37: 8 | D37: Y | E37: ALL | F37: LABEL | I37: =IF($E37="ALL",1,IF(ISNUMBER(LOOKUP($E37,$B$2)),1,0)) -> 1 | J37: =IF(ISBLANK($H37),0,$C37*$H37*$I37) -> 0 | L37: =IF(AND($D37="Y",$H37=0,$I37=1),"CRITICAL FAIL",IF($H37=-1,"EVIDENCE MISSING","")) -> CRITICAL FAIL | M37: Critical Integrity | N37: Verified/Failed | O37: Compliance fail | P37: Consument kan dosering niet beoordelen of vergelijken.
A38: Identity & Labeling | B38: Alle chemische vormen expliciet gedeclareerd (geen “magnesium” zonder vorm). | C38: 8 | D38: Y | E38: ALL | F38: LABEL | I38: =IF($E38="ALL",1,IF(ISNUMBER(LOOKUP($E38,$B$2)),1,0)) -> 1 | J38: =IF(ISBLANK($H38),0,$C38*$H38*$I38) -> 0 | K38: v2: Weight 6→8: vorm bepaalt biobeschikbaarheid direct | L38: =IF(AND($D38="Y",$H38=0,$I38=1),"CRITICAL FAIL",IF($H38=-1,"EVIDENCE MISSING","")) -> CRITICAL FAIL | M38: Major | N38: Verified/Failed | O38: Compliance fail | P38: Biologische opname en effectiviteit onduidelijk.
A39: Identity & Labeling | B39: Alle hulpstoffen volledig gedeclareerd (capsulemateriaal, antiklontermiddelen, kleurstoffen, zoetstoffen). | C39: 5 | D39: Y | E39: ALL | F39: LABEL | I39: =IF($E39="ALL",1,IF(ISNUMBER(LOOKUP($E39,$B$2)),1,0)) -> 1 | J39: =IF(ISBLANK($H39),0,$C39*$H39*$I39) -> 0 | L39: =IF(AND($D39="Y",$H39=0,$I39=1),"CRITICAL FAIL",IF($H39=-1,"EVIDENCE MISSING","")) -> CRITICAL FAIL | M39: Major | N39: Verified/Failed | O39: Compliance fail | P39: Mogelijke allergenen of ongewenste additieven niet zichtbaar.
A40: Identity & Labeling | B40: Serving size, aanbevolen dagdosering en aantal servings per verpakking eenduidig vermeld. | C40: 5 | D40: Y | E40: ALL | F40: LABEL | I40: =IF($E40="ALL",1,IF(ISNUMBER(LOOKUP($E40,$B$2)),1,0)) -> 1 | J40: =IF(ISBLANK($H40),0,$C40*$H40*$I40) -> 0 | L40: =IF(AND($D40="Y",$H40=0,$I40=1),"CRITICAL FAIL",IF($H40=-1,"EVIDENCE MISSING","")) -> CRITICAL FAIL | M40: Major | N40: Verified/Failed | O40: Compliance fail | P40: Dagdosering en productduur niet betrouwbaar te bepalen.
A41: Identity & Labeling | B41: Batch/lot + THT/productiedatum duidelijk vermeld. | C41: 3 | D41: Y | E41: ALL | F41: LABEL | I41: =IF($E41="ALL",1,IF(ISNUMBER(LOOKUP($E41,$B$2)),1,0)) -> 1 | J41: =IF(ISBLANK($H41),0,$C41*$H41*$I41) -> 0 | L41: =IF(AND($D41="Y",$H41=0,$I41=1),"CRITICAL FAIL",IF($H41=-1,"EVIDENCE MISSING","")) -> CRITICAL FAIL | M41: Critical Integrity | N41: Verified/Failed | O41: Compliance fail | P41: Producttraceerbaarheid en recall onmogelijk.
A42: Identity & Labeling | B42: Contra-indicaties, allergenen en gebruiksaanwijzing helder gecommuniceerd. | C42: 4 | D42: Y | E42: ALL | F42: LABEL | G42: PACKAGING | I42: =IF($E42="ALL",1,IF(ISNUMBER(LOOKUP($E42,$B$2)),1,0)) -> 1 | J42: =IF(ISBLANK($H42),0,$C42*$H42*$I42) -> 0 | L42: =IF(AND($D42="Y",$H42=0,$I42=1),"CRITICAL FAIL",IF($H42=-1,"EVIDENCE MISSING","")) -> CRITICAL FAIL | M42: Critical Safety | N42: Verified/Failed | O42: Safety fail | P42: Verhoogd gezondheidsrisico bij verkeerd gebruik.
A43: Identity & Labeling | B43: Opslag- en stabiliteitsinstructies passend bij ingrediënttype vermeld. | C43: 3 | D43: N | E43: ALL | F43: LABEL | G43: PACKAGING | I43: =IF($E43="ALL",1,IF(ISNUMBER(LOOKUP($E43,$B$2)),1,0)) -> 1 | J43: =IF(ISBLANK($H43),0,$C43*$H43*$I43) -> 0 | L43: =IF(AND($D43="Y",$H43=0,$I43=1),"CRITICAL FAIL",IF($H43=-1,"EVIDENCE MISSING","")) | M43: Minor | N43: Verified/Failed | O43: Compliance fail | P43: Potentie kan sneller afnemen bij verkeerde opslag.
A44: Identity & Labeling | B44: Producent of EU-verantwoordelijke partij volledig traceerbaar (naam + adres). | C44: 6 | D44: Y | E44: ALL | F44: Etiket | I44: =IF($E44="ALL",1,IF(ISNUMBER(LOOKUP($E44,$B$2)),1,0)) -> 1 | J44: =IF(ISBLANK($H44),0,$C44*$H44*$I44) -> 0 | L44: =IF(AND($D44="Y",$H44=0,$I44=1),"CRITICAL FAIL",IF($H44=-1,"EVIDENCE MISSING","")) -> CRITICAL FAIL | M44: Critical Integrity | N44: Verified/Failed | O44: Compliance fail | P44: Geen verantwoordelijke partij bij klachten of recalls.
A45: Identity & Labeling | B45: COA per batch publiek en traceerbaar (batchnr matcht product). | C45: 10 | D45: Y | E45: ALL | F45: COA | I45: =IF($E45="ALL",1,IF(ISNUMBER(LOOKUP($E45,$B$2)),1,0)) -> 1 | J45: =IF(ISBLANK($H45),0,$C45*$H45*$I45) -> 0 | L45: =IF(AND($D45="Y",$H45=0,$I45=1),"CRITICAL FAIL",IF($H45=-1,"EVIDENCE MISSING","")) -> CRITICAL FAIL | M45: Critical Integrity | N45: Verified/Missing | O45: Data gap | P45: Productkwaliteit en zuiverheid niet onafhankelijk verifieerbaar.
A46: Identity & Labeling | B46: COA extern geverifieerd (ISO 17025 of gelijkwaardig laboratorium). | C46: 7 | D46: Y | E46: ALL | F46: COA | G46: CERTIFICATION | I46: =IF($E46="ALL",1,IF(ISNUMBER(LOOKUP($E46,$B$2)),1,0)) -> 1 | J46: =IF(ISBLANK($H46),0,$C46*$H46*$I46) -> 0 | K46: v2: Weight 5→7, Critical N→Y: niet-geaccrediteerd lab maakt COA waardeloos | L46: =IF(AND($D46="Y",$H46=0,$I46=1),"CRITICAL FAIL",IF($H46=-1,"EVIDENCE MISSING","")) -> CRITICAL FAIL | M46: Major | N46: Verified/Missing | O46: Data gap | P46: Labresultaten mogelijk minder betrouwbaar.
A47: Identity & Labeling | B47: Analysemethoden + LOQ/LOD passend bij risicoprofiel ingrediënt. | C47: 5 | D47: N | E47: ALL | F47: COA | I47: =IF($E47="ALL",1,IF(ISNUMBER(LOOKUP($E47,$B$2)),1,0)) -> 1 | J47: =IF(ISBLANK($H47),0,$C47*$H47*$I47) -> 0 | L47: =IF(AND($D47="Y",$H47=0,$I47=1),"CRITICAL FAIL",IF($H47=-1,"EVIDENCE MISSING","")) | M47: Major | N47: Verified/Missing | O47: Data gap | P47: Testresultaten mogelijk niet gevoelig genoeg om contaminatie te detecteren.
A48: Identity & Labeling | B48: Zware metalen, microbiologie of andere risico-analyses passend bij productcategorie uitgevoerd. | C48: 6 | D48: Y | E48: ALL | F48: COA | I48: =IF($E48="ALL",1,IF(ISNUMBER(LOOKUP($E48,$B$2)),1,0)) -> 1 | J48: =IF(ISBLANK($H48),0,$C48*$H48*$I48) -> 0 | L48: =IF(AND($D48="Y",$H48=0,$I48=1),"CRITICAL FAIL",IF($H48=-1,"EVIDENCE MISSING","")) -> CRITICAL FAIL | M48: Critical Safety | N48: Verified/Missing | O48: Safety fail | P48: Mogelijke blootstelling aan toxische contaminanten.
A49: Identity & Labeling | B49: Gezondheidsclaims conform EU-wetgeving (geen ziekteclaims/misleiding). | C49: 7 | D49: Y | E49: ALL | F49: LABEL | I49: =IF($E49="ALL",1,IF(ISNUMBER(LOOKUP($E49,$B$2)),1,0)) -> 1 | J49: =IF(ISBLANK($H49),0,$C49*$H49*$I49) -> 0 | L49: =IF(AND($D49="Y",$H49=0,$I49=1),"CRITICAL FAIL",IF($H49=-1,"EVIDENCE MISSING","")) -> CRITICAL FAIL | M49: Critical Integrity | N49: Verified/Failed | O49: Claim fail | P49: Misleiding over gezondheidsvoordelen.
A50: Identity & Labeling | B50: Batchtraceerbaarheid aanwezig (recall-geschikt systeem aantoonbaar). | C50: 4 | D50: N | E50: ALL | F50: AUDIT | I50: =IF($E50="ALL",1,IF(ISNUMBER(LOOKUP($E50,$B$2)),1,0)) -> 1 | J50: =IF(ISBLANK($H50),0,$C50*$H50*$I50) -> 0 | L50: =IF(AND($D50="Y",$H50=0,$I50=1),"CRITICAL FAIL",IF($H50=-1,"EVIDENCE MISSING","")) | M50: Major | N50: Verified/Missing | O50: Data gap | P50: Productveiligheidsincidenten moeilijk te beheren.
A51: Identity & Labeling | B51: Transparantie over land van productie of herkomst waar relevant. | C51: 3 | D51: N | E51: ALL | F51: LABEL | I51: =IF($E51="ALL",1,IF(ISNUMBER(LOOKUP($E51,$B$2)),1,0)) -> 1 | J51: =IF(ISBLANK($H51),0,$C51*$H51*$I51) -> 0 | L51: =IF(AND($D51="Y",$H51=0,$I51=1),"CRITICAL FAIL",IF($H51=-1,"EVIDENCE MISSING","")) | M51: Minor | N51: Verified/Missing | O51: Data gap | P51: Beperkt inzicht in productherkomst.
A52: Identity & Labeling | B52: Ingrediëntnamen volgen internationale nomenclatuur (bijv. Latijnse plantnaam of gestandaardiseerde ingrediëntnaam waar relevant). | C52: 4 | D52: N | E52: ALL | F52: LABEL | I52: =IF($E52="ALL",1,IF(ISNUMBER(LOOKUP($E52,$B$2)),1,0)) -> 1 | J52: =IF(ISBLANK($H52),0,$C52*$H52*$I52) -> 0 | L52: =IF(AND($D52="Y",$H52=0,$I52=1),"CRITICAL FAIL",IF($H52=-1,"EVIDENCE MISSING","")) | M52: Major | N52: Verified/Failed | O52: Compliance fail | P52: Ingrediënten zijn moeilijk te identificeren of te vergelijken.
A54: Core Quality – Raw Materials | B54: Hoofdingrediënt(en) in klinisch inzetbare vorm (bioactief of hoogwaardig waar relevant). | C54: 8 | D54: Y | E54: ALL | F54: LABEL | G54: SPEC | I54: =IF($E54="ALL",1,IF(ISNUMBER(LOOKUP($E54,$B$2)),1,0)) -> 1 | J54: =IF(ISBLANK($H54),0,$C54*$H54*$I54) -> 0 | K54: v2: Weight 6→8, Critical N→Y: bepaalt of product beoogd effect kan hebben | L54: =IF(AND($D54="Y",$H54=0,$I54=1),"CRITICAL FAIL",IF($H54=-1,"EVIDENCE MISSING","")) -> CRITICAL FAIL | M54: Major | N54: Verified/Failed | O54: Quality fail | P54: Lagere biobeschikbaarheid of effectiviteit.
A55: Core Quality – Raw Materials | B55: Vermijdt inferieure hoofdvormen (bijv. oxide/carbonate als hoofdvorm; foliumzuur/cyanocobalamine als primaire B-vorm). | C55: 8 | D55: Y | E55: ALL | F55: LABEL | G55: SPEC | I55: =IF($E55="ALL",1,IF(ISNUMBER(LOOKUP($E55,$B$2)),1,0)) -> 1 | J55: =IF(ISBLANK($H55),0,$C55*$H55*$I55) -> 0 | K55: v2: Weight 6→8 bevestigd | L55: =IF(AND($D55="Y",$H55=0,$I55=1),"CRITICAL FAIL",IF($H55=-1,"EVIDENCE MISSING","")) -> CRITICAL FAIL | M55: Critical Integrity | N55: Verified/Failed | O55: Quality fail | P55: Productformulering ondermijnt werkzaamheid.
A56: Core Quality – Raw Materials | B56: Identiteit actieve grondstof analytisch geverifieerd (HPLC/FTIR/DNA waar relevant). | C56: 6 | D56: Y | E56: ALL | F56: SPEC | G56: COA | I56: =IF($E56="ALL",1,IF(ISNUMBER(LOOKUP($E56,$B$2)),1,0)) -> 1 | J56: =IF(ISBLANK($H56),0,$C56*$H56*$I56) -> 0 | L56: =IF(AND($D56="Y",$H56=0,$I56=1),"CRITICAL FAIL",IF($H56=-1,"EVIDENCE MISSING","")) -> CRITICAL FAIL | M56: Critical Integrity | N56: Verified/Missing | O56: Data gap | P56: Onzekerheid over identiteit van ingrediënt.
A57: Core Quality – Raw Materials | B57: Geen verboden of ongewenste excipients (bijv. titaniumdioxide, talk, kunstmatige kleurstoffen waar niet nodig). | C57: 4 | D57: Y | E57: ALL | F57: LABEL | I57: =IF($E57="ALL",1,IF(ISNUMBER(LOOKUP($E57,$B$2)),1,0)) -> 1 | J57: =IF(ISBLANK($H57),0,$C57*$H57*$I57) -> 0 | L57: =IF(AND($D57="Y",$H57=0,$I57=1),"CRITICAL FAIL",IF($H57=-1,"EVIDENCE MISSING","")) -> CRITICAL FAIL | M57: Critical Safety | N57: Verified/Failed | O57: Compliance fail | P57: Potentieel gezondheidsrisico of verboden stof.
A58: Core Quality – Raw Materials | B58: Botanische extracten correct gestandaardiseerd met markercompound percentage. | C58: 4 | D58: N | E58: BOTANICAL | F58: SPEC | G58: LABEL | I58: =IF($E58="ALL",1,IF(ISNUMBER(LOOKUP($E58,$B$2)),1,0)) -> 0 | J58: =IF(ISBLANK($H58),0,$C58*$H58*$I58) -> 0 | L58: =IF(AND($D58="Y",$H58=0,$I58=1),"CRITICAL FAIL",IF($H58=-1,"EVIDENCE MISSING","")) | M58: Major | N58: Verified/Missing | O58: Data gap | P58: Effectiviteit extract moeilijk te beoordelen.
A59: Core Quality – Raw Materials | B59: Actieve ingrediënten voldoen aan farmacopee- of gelijkwaardige kwaliteitsstandaarden waar relevant. | C59: 4 | D59: N | E59: ALL | F59: SPEC | G59: LITERATURE | I59: =IF($E59="ALL",1,IF(ISNUMBER(LOOKUP($E59,$B$2)),1,0)) -> 1 | J59: =IF(ISBLANK($H59),0,$C59*$H59*$I59) -> 0 | L59: =IF(AND($D59="Y",$H59=0,$I59=1),"CRITICAL FAIL",IF($H59=-1,"EVIDENCE MISSING","")) | M59: Major | N59: Verified/Missing | O59: Data gap | P59: Grondstofkwaliteit onzeker.
A60: Core Quality – Metabolic Burden | B60: Langdurige inname zonder cumulatie- of toxiciteitsrisico (B6, retinol, jodium, zink/ijzer context). | C60: 8 | D60: Y | E60: ALL | F60: LABEL | G60: LITERATURE | I60: =IF($E60="ALL",1,IF(ISNUMBER(LOOKUP($E60,$B$2)),1,0)) -> 1 | J60: =IF(ISBLANK($H60),0,$C60*$H60*$I60) -> 0 | L60: =IF(AND($D60="Y",$H60=0,$I60=1),"CRITICAL FAIL",IF($H60=-1,"EVIDENCE MISSING","")) -> CRITICAL FAIL | M60: Critical Safety | N60: Verified/Failed | O60: Safety fail | P60: Verhoogd toxiciteitsrisico bij langdurig gebruik.
A61: Core Quality – Metabolic Burden | B61: Vormkeuze vereist geen onnodige metabolische omzetting of detoxroutes. | C61: 4 | D61: N | E61: ALL | F61: LABEL | G61: SPEC | I61: =IF($E61="ALL",1,IF(ISNUMBER(LOOKUP($E61,$B$2)),1,0)) -> 1 | J61: =IF(ISBLANK($H61),0,$C61*$H61*$I61) -> 0 | L61: =IF(AND($D61="Y",$H61=0,$I61=1),"CRITICAL FAIL",IF($H61=-1,"EVIDENCE MISSING","")) | M61: Major | N61: Verified/Failed | O61: Quality fail | P61: Lagere biologische efficiëntie.
A62: Core Quality – Metabolic Burden | B62: GI-belasting passend (geen onnodig laxerende hoofdvorm of extreme excipient-belasting). | C62: 5 | D62: N | E62: ALL | F62: LABEL | G62: SPEC | I62: =IF($E62="ALL",1,IF(ISNUMBER(LOOKUP($E62,$B$2)),1,0)) -> 1 | J62: =IF(ISBLANK($H62),0,$C62*$H62*$I62) -> 0 | K62: v2: Weight 3→5: GI-tolerantie bepaalt therapietrouw | L62: =IF(AND($D62="Y",$H62=0,$I62=1),"CRITICAL FAIL",IF($H62=-1,"EVIDENCE MISSING","")) | M62: Minor | N62: Verified/Failed | O62: Quality fail | P62: Gastro-intestinale bijwerkingen mogelijk.
A63: Core Quality – Metabolic Burden | B63: Relevante interacties of contra-indicaties benoemd bij risicostoffen. | C63: 5 | D63: Y | E63: ALL | F63: LABEL | G63: LITERATURE | I63: =IF($E63="ALL",1,IF(ISNUMBER(LOOKUP($E63,$B$2)),1,0)) -> 1 | J63: =IF(ISBLANK($H63),0,$C63*$H63*$I63) -> 0 | L63: =IF(AND($D63="Y",$H63=0,$I63=1),"CRITICAL FAIL",IF($H63=-1,"EVIDENCE MISSING","")) -> CRITICAL FAIL | M63: Critical Safety | N63: Verified/Failed | O63: Safety fail | P63: Gezondheidsrisico bij medicatie of aandoeningen.
A64: Core Quality – Dosage & Evidence | B64: Doseringen binnen klinisch relevante range voor het beoogde doel. | C64: 8 | D64: Y | E64: ALL | F64: LITERATURE | I64: =IF($E64="ALL",1,IF(ISNUMBER(LOOKUP($E64,$B$2)),1,0)) -> 1 | J64: =IF(ISBLANK($H64),0,$C64*$H64*$I64) -> 0 | K64: v2: Weight 6→8, Critical N→Y: label decoration is grootste fraude in industrie | L64: =IF(AND($D64="Y",$H64=0,$I64=1),"CRITICAL FAIL",IF($H64=-1,"EVIDENCE MISSING","")) -> CRITICAL FAIL | M64: Major | N64: Verified/Failed | O64: Quality fail | P64: Product kan klinisch ineffectief zijn.
A65: Core Quality – Dosage & Evidence | B65: Geen marketing-overdosering zonder klinische onderbouwing. | C65: 5 | D65: N | E65: ALL | F65: LITERATURE | I65: =IF($E65="ALL",1,IF(ISNUMBER(LOOKUP($E65,$B$2)),1,0)) -> 1 | J65: =IF(ISBLANK($H65),0,$C65*$H65*$I65) -> 0 | L65: =IF(AND($D65="Y",$H65=0,$I65=1),"CRITICAL FAIL",IF($H65=-1,"EVIDENCE MISSING","")) | M65: Major | N65: Verified/Failed | O65: Quality fail | P65: Onnodig hoge doseringen zonder bewezen voordeel.
A66: Core Quality – Dosage & Evidence | B66: Synergie en ratio’s logisch geformuleerd (bijv. D3+K2, zink+koper). | C66: 6 | D66: N | E66: ALL | F66: FORMULATION | G66: LITERATURE | I66: =IF($E66="ALL",1,IF(ISNUMBER(LOOKUP($E66,$B$2)),1,0)) -> 1 | J66: =IF(ISBLANK($H66),0,$C66*$H66*$I66) -> 0 | K66: v2: Weight 4→6: zink/koper depletie is reëel klinisch risico | L66: =IF(AND($D66="Y",$H66=0,$I66=1),"CRITICAL FAIL",IF($H66=-1,"EVIDENCE MISSING","")) | M66: Major | N66: Verified/Failed | O66: Quality fail | P66: Formule minder effectief of uit balans.
A67: Core Quality – Dosage & Evidence | B67: UL-veiligheidsgrenzen gerespecteerd of duidelijk gecontextualiseerd. | C67: 4 | D67: Y | E67: ALL | F67: LABEL | G67: LITERATURE | I67: =IF($E67="ALL",1,IF(ISNUMBER(LOOKUP($E67,$B$2)),1,0)) -> 1 | J67: =IF(ISBLANK($H67),0,$C67*$H67*$I67) -> 0 | L67: =IF(AND($D67="Y",$H67=0,$I67=1),"CRITICAL FAIL",IF($H67=-1,"EVIDENCE MISSING","")) -> CRITICAL FAIL | M67: Critical Safety | N67: Verified/Failed | O67: Safety fail | P67: Overschrijding veilige inname.
A68: Core Quality – Dosage & Evidence | B68: Evidence-niveau passend bij claim (A/B/C/D). | C68: 3 | D68: N | E68: ALL | F68: LITERATURE | I68: =IF($E68="ALL",1,IF(ISNUMBER(LOOKUP($E68,$B$2)),1,0)) -> 1 | J68: =IF(ISBLANK($H68),0,$C68*$H68*$I68) -> 0 | L68: =IF(AND($D68="Y",$H68=0,$I68=1),"CRITICAL FAIL",IF($H68=-1,"EVIDENCE MISSING","")) | M68: Minor | N68: Verified/Failed | O68: Claim fail | P68: Claim onvoldoende onderbouwd.
A69: Core Quality – Dosage & Evidence | B69: Bioavailability claims alleen indien ondersteund door humane data. | C69: 4 | D69: Y | E69: ALL | F69: TESTDATA | I69: =IF($E69="ALL",1,IF(ISNUMBER(LOOKUP($E69,$B$2)),1,0)) -> 1 | J69: =IF(ISBLANK($H69),0,$C69*$H69*$I69) -> 0 | L69: =IF(AND($D69="Y",$H69=0,$I69=1),"CRITICAL FAIL",IF($H69=-1,"EVIDENCE MISSING","")) -> CRITICAL FAIL | M69: Critical Integrity | N69: Verified/Missing | O69: Claim fail | P69: Misleidende opnameclaims.
A70: Core Quality – Contaminants | B70: Zware metalen (Pb, Cd, Hg, As) getest per batch met duidelijke units en LOQ. | C70: 10 | D70: Y | E70: ALL | F70: COA | I70: =IF($E70="ALL",1,IF(ISNUMBER(LOOKUP($E70,$B$2)),1,0)) -> 1 | J70: =IF(ISBLANK($H70),0,$C70*$H70*$I70) -> 0 | L70: =IF(AND($D70="Y",$H70=0,$I70=1),"CRITICAL FAIL",IF($H70=-1,"EVIDENCE MISSING","")) -> CRITICAL FAIL | M70: Critical Safety | N70: Verified/Missing | O70: Safety fail | P70: Toxische contaminatie mogelijk.
A71: Core Quality – Contaminants | B71: Microbiologische veiligheid bevestigd (TPC, gisten, schimmels, pathogenen). | C71: 6 | D71: Y | E71: ALL | F71: COA | I71: =IF($E71="ALL",1,IF(ISNUMBER(LOOKUP($E71,$B$2)),1,0)) -> 1 | J71: =IF(ISBLANK($H71),0,$C71*$H71*$I71) -> 0 | L71: =IF(AND($D71="Y",$H71=0,$I71=1),"CRITICAL FAIL",IF($H71=-1,"EVIDENCE MISSING","")) -> CRITICAL FAIL | M71: Critical Safety | N71: Verified/Missing | O71: Safety fail | P71: Microbiologische besmetting mogelijk.
A72: Core Quality – Manufacturing | B72: Product geproduceerd in verifieerbare GMP-gecertificeerde faciliteit. | C72: 8 | D72: Y | E72: ALL | F72: CERTIFICATION | G72: AUDIT | I72: =IF($E72="ALL",1,IF(ISNUMBER(LOOKUP($E72,$B$2)),1,0)) -> 1 | J72: =IF(ISBLANK($H72),0,$C72*$H72*$I72) -> 0 | L72: =IF(AND($D72="Y",$H72=0,$I72=1),"CRITICAL FAIL",IF($H72=-1,"EVIDENCE MISSING","")) -> CRITICAL FAIL | M72: Critical Integrity | N72: Verified/Missing | O72: Compliance fail | P72: Productiecontrole onzeker.
A73: Core Quality – Manufacturing | B73: Voedselveiligheidssysteem aanwezig (ISO22000/HACCP of equivalent). | C73: 3 | D73: N | E73: ALL | F73: CERTIFICATION | I73: =IF($E73="ALL",1,IF(ISNUMBER(LOOKUP($E73,$B$2)),1,0)) -> 1 | J73: =IF(ISBLANK($H73),0,$C73*$H73*$I73) -> 0 | L73: =IF(AND($D73="Y",$H73=0,$I73=1),"CRITICAL FAIL",IF($H73=-1,"EVIDENCE MISSING","")) | M73: Major | N73: Verified/Missing | O73: Compliance fail | P73: Productiecontrole mogelijk onvoldoende.
A74: Core Quality – Manufacturing | B74: Herkomst van actieve grondstoffen transparant waar relevant. | C74: 4 | D74: N | E74: ALL | F74: SPEC | G74: AUDIT | I74: =IF($E74="ALL",1,IF(ISNUMBER(LOOKUP($E74,$B$2)),1,0)) -> 1 | J74: =IF(ISBLANK($H74),0,$C74*$H74*$I74) -> 0 | L74: =IF(AND($D74="Y",$H74=0,$I74=1),"CRITICAL FAIL",IF($H74=-1,"EVIDENCE MISSING","")) | M74: Minor | N74: Verified/Missing | O74: Data gap | P74: Onvoldoende transparantie over supply chain.
A75: Core Quality – Stability/Packaging | B75: Verpakking beschermt tegen licht, zuurstof en vocht waar relevant. | C75: 4 | D75: N | E75: ALL | F75: PACKAGING | I75: =IF($E75="ALL",1,IF(ISNUMBER(LOOKUP($E75,$B$2)),1,0)) -> 1 | J75: =IF(ISBLANK($H75),0,$C75*$H75*$I75) -> 0 | L75: =IF(AND($D75="Y",$H75=0,$I75=1),"CRITICAL FAIL",IF($H75=-1,"EVIDENCE MISSING","")) | M75: Major | N75: Verified/Failed | O75: Quality fail | P75: Potentie kan voortijdig afnemen.
A76: Core Quality – Stability/Packaging | B76: Stabiliteitsdata beschikbaar; potentie gegarandeerd tot einde THT. | C76: 6 | D76: Y | E76: ALL | F76: STABILITY | I76: =IF($E76="ALL",1,IF(ISNUMBER(LOOKUP($E76,$B$2)),1,0)) -> 1 | J76: =IF(ISBLANK($H76),0,$C76*$H76*$I76) -> 0 | L76: =IF(AND($D76="Y",$H76=0,$I76=1),"CRITICAL FAIL",IF($H76=-1,"EVIDENCE MISSING","")) -> CRITICAL FAIL | M76: Critical Integrity | N76: Verified/Missing | O76: Data gap | P76: Potentie mogelijk lager dan geclaimd.
A77: Core Quality – Delivery Claims | B77: Technologieclaims (liposomaal, delayed release, enterisch) aantoonbaar onderbouwd. | C77: 6 | D77: Y | E77: ALL | F77: TESTDATA | I77: =IF($E77="ALL",1,IF(ISNUMBER(LOOKUP($E77,$B$2)),1,0)) -> 1 | J77: =IF(ISBLANK($H77),0,$C77*$H77*$I77) -> 0 | K77: v2: Weight 3→6, Critical N→Y: liposomaal meest misbruikte marketingterm | L77: =IF(AND($D77="Y",$H77=0,$I77=1),"CRITICAL FAIL",IF($H77=-1,"EVIDENCE MISSING","")) -> CRITICAL FAIL | M77: Major | N77: Verified/Missing | O77: Claim fail | P77: Misleidende technologieclaims.
A79: Product Integrity – Verification | B79: Product batch onafhankelijk getest door derde partij laboratorium. | C79: 8 | D79: Y | E79: ALL | F79: COA | G79: CERTIFICATION | I79: =IF($E79="ALL",1,IF(ISNUMBER(LOOKUP($E79,$B$2)),1,0)) -> 1 | J79: =IF(ISBLANK($H79),0,$C79*$H79*$I79) -> 0 | L79: =IF(AND($D79="Y",$H79=0,$I79=1),"CRITICAL FAIL",IF($H79=-1,"EVIDENCE MISSING","")) -> CRITICAL FAIL | M79: Critical Integrity | N79: Verified/Missing | O79: Data gap | P79: Productkwaliteit niet onafhankelijk bevestigd.
A80: Product Integrity – Verification | B80: Laboratorium ISO 17025 geaccrediteerd of gelijkwaardig. | C80: 6 | D80: Y | E80: ALL | F80: CERTIFICATION | I80: =IF($E80="ALL",1,IF(ISNUMBER(LOOKUP($E80,$B$2)),1,0)) -> 1 | J80: =IF(ISBLANK($H80),0,$C80*$H80*$I80) -> 0 | L80: =IF(AND($D80="Y",$H80=0,$I80=1),"CRITICAL FAIL",IF($H80=-1,"EVIDENCE MISSING","")) -> CRITICAL FAIL | M80: Critical Integrity | N80: Verified/Missing | O80: Data gap | P80: Testresultaten mogelijk niet betrouwbaar.
A81: Product Integrity – Verification | B81: Testresultaten publiek of transparant beschikbaar (COA of rapport). | C81: 5 | D81: N | E81: ALL | F81: COA | I81: =IF($E81="ALL",1,IF(ISNUMBER(LOOKUP($E81,$B$2)),1,0)) -> 1 | J81: =IF(ISBLANK($H81),0,$C81*$H81*$I81) -> 0 | L81: =IF(AND($D81="Y",$H81=0,$I81=1),"CRITICAL FAIL",IF($H81=-1,"EVIDENCE MISSING","")) | M81: Major | N81: Verified/Missing | O81: Data gap | P81: Consument kan productkwaliteit niet verifiëren.
A82: Product Integrity – Verification | B82: Batchnummer op COA komt overeen met productbatch. | C82: 7 | D82: Y | E82: ALL | F82: COA | G82: LABEL | I82: =IF($E82="ALL",1,IF(ISNUMBER(LOOKUP($E82,$B$2)),1,0)) -> 1 | J82: =IF(ISBLANK($H82),0,$C82*$H82*$I82) -> 0 | L82: =IF(AND($D82="Y",$H82=0,$I82=1),"CRITICAL FAIL",IF($H82=-1,"EVIDENCE MISSING","")) -> CRITICAL FAIL | M82: Critical Integrity | N82: Verified/Failed | O82: Compliance fail | P82: COA mogelijk niet gekoppeld aan verkocht product.
A83: Product Integrity – Verification | B83: Analysepakket passend bij producttype (bijv. zware metalen, microbiologie, pesticiden, solventen). | C83: 6 | D83: Y | E83: ALL | F83: COA | G83: SPEC | I83: =IF($E83="ALL",1,IF(ISNUMBER(LOOKUP($E83,$B$2)),1,0)) -> 1 | J83: =IF(ISBLANK($H83),0,$C83*$H83*$I83) -> 0 | L83: =IF(AND($D83="Y",$H83=0,$I83=1),"CRITICAL FAIL",IF($H83=-1,"EVIDENCE MISSING","")) -> CRITICAL FAIL | M83: Critical Safety | N83: Verified/Missing | O83: Data gap | P83: Onvoldoende controle op contaminanten.
A84: Product Integrity – Verification | B84: Testfrequentie passend bij productievolume (niet alleen eenmalige test). | C84: 4 | D84: N | E84: ALL | F84: AUDIT | I84: =IF($E84="ALL",1,IF(ISNUMBER(LOOKUP($E84,$B$2)),1,0)) -> 1 | J84: =IF(ISBLANK($H84),0,$C84*$H84*$I84) -> 0 | L84: =IF(AND($D84="Y",$H84=0,$I84=1),"CRITICAL FAIL",IF($H84=-1,"EVIDENCE MISSING","")) | M84: Major | N84: Verified/Missing | O84: Data gap | P84: Kwaliteit mogelijk inconsistent tussen batches.
A85: Product Integrity – Verification | B85: Resultaten binnen veilige limieten volgens relevante normen (USP/EFSA/FDA waar relevant). | C85: 7 | D85: Y | E85: ALL | F85: COA | G85: LITERATURE | I85: =IF($E85="ALL",1,IF(ISNUMBER(LOOKUP($E85,$B$2)),1,0)) -> 1 | J85: =IF(ISBLANK($H85),0,$C85*$H85*$I85) -> 0 | L85: =IF(AND($D85="Y",$H85=0,$I85=1),"CRITICAL FAIL",IF($H85=-1,"EVIDENCE MISSING","")) -> CRITICAL FAIL | M85: Critical Safety | N85: Verified/Failed | O85: Safety fail | P85: Overschrijding contaminantlimieten.
A86: Product Integrity – Verification | B86: Product valt onder erkende kwaliteitscertificering waar relevant (bijv. IFOS, Creapure, NZVT, Informed Sport). | C86: 4 | D86: N | E86: SPECIFIC | F86: CERTIFICATION | I86: =IF($E86="ALL",1,IF(ISNUMBER(LOOKUP($E86,$B$2)),1,0)) -> 0 | J86: =IF(ISBLANK($H86),0,$C86*$H86*$I86) -> 0 | L86: =IF(AND($D86="Y",$H86=0,$I86=1),"CRITICAL FAIL",IF($H86=-1,"EVIDENCE MISSING","")) | M86: Major | N86: Verified/Missing | O86: Claim fail | P86: Kwaliteitsclaim moeilijk verifieerbaar.
A87: Product Integrity – Verification | B87: Productiepartij traceerbaar via intern kwaliteitsmanagementsysteem. | C87: 5 | D87: Y | E87: ALL | F87: AUDIT | I87: =IF($E87="ALL",1,IF(ISNUMBER(LOOKUP($E87,$B$2)),1,0)) -> 1 | J87: =IF(ISBLANK($H87),0,$C87*$H87*$I87) -> 0 | L87: =IF(AND($D87="Y",$H87=0,$I87=1),"CRITICAL FAIL",IF($H87=-1,"EVIDENCE MISSING","")) -> CRITICAL FAIL | M87: Critical Integrity | N87: Verified/Missing | O87: Compliance fail | P87: Problemen bij recall of kwaliteitsincidenten.
A88: Product Integrity – Verification | B88: Product consistent tussen batches (geen grote variatie in actieve inhoud). | C88: 5 | D88: N | E88: ALL | F88: COA | G88: AUDIT | I88: =IF($E88="ALL",1,IF(ISNUMBER(LOOKUP($E88,$B$2)),1,0)) -> 1 | J88: =IF(ISBLANK($H88),0,$C88*$H88*$I88) -> 0 | L88: =IF(AND($D88="Y",$H88=0,$I88=1),"CRITICAL FAIL",IF($H88=-1,"EVIDENCE MISSING","")) | M88: Major | N88: Verified/Missing | O88: Quality fail | P88: Variabele dosering of werkzaamheid.
A89: Product Integrity – Verification | B89: Product niet opgenomen in waarschuwingen/recalls van toezichthouders (waar controleerbaar). | C89: 5 | D89: N | E89: ALL | F89: LITERATURE | I89: =IF($E89="ALL",1,IF(ISNUMBER(LOOKUP($E89,$B$2)),1,0)) -> 1 | J89: =IF(ISBLANK($H89),0,$C89*$H89*$I89) -> 0 | K89: v2: Weight 3→5: actieve recall is fundamentele veiligheidsmelding | L89: =IF(AND($D89="Y",$H89=0,$I89=1),"CRITICAL FAIL",IF($H89=-1,"EVIDENCE MISSING","")) | M89: Major | N89: Verified/Missing | O89: Safety fail | P89: Product mogelijk onveilig of teruggeroepen.
A90: Product Integrity – Verification | B90: Product vrij van dopingrelevante contaminanten indien sportgebruik geclaimd. | C90: 5 | D90: Y | E90: SPORT | F90: CERTIFICATION | G90: TESTDATA | I90: =IF($E90="ALL",1,IF(ISNUMBER(LOOKUP($E90,$B$2)),1,0)) -> 0 | J90: =IF(ISBLANK($H90),0,$C90*$H90*$I90) -> 0 | L90: =IF(AND($D90="Y",$H90=0,$I90=1),"CRITICAL FAIL",IF($H90=-1,"EVIDENCE MISSING","")) | M90: Critical Safety | N90: Verified/Missing | O90: Safety fail | P90: Risico op positieve dopingtest.
A92: Claim Fit / Purpose Fit | B92: Primair geclaimde werking duidelijk identificeerbaar (bijv. slaap, energie, immuun). | C92: 3 | D92: N | E92: ALL | F92: LABEL | I92: =IF($E92="ALL",1,IF(ISNUMBER(LOOKUP($E92,$B$2)),1,0)) -> 1 | J92: =IF(ISBLANK($H92),0,$C92*$H92*$I92) -> 0 | L92: =IF(AND($D92="Y",$H92=0,$I92=1),"CRITICAL FAIL",IF($H92=-1,"EVIDENCE MISSING","")) | M92: Minor | N92: Verified/Failed | O92: Claim fail | P92: Onduidelijk doel van product.
A93: Claim Fit / Purpose Fit | B93: Hoofdingrediënten sluiten logisch aan bij de primaire claim. | C93: 6 | D93: Y | E93: ALL | F93: LABEL | G93: SPEC | I93: =IF($E93="ALL",1,IF(ISNUMBER(LOOKUP($E93,$B$2)),1,0)) -> 1 | J93: =IF(ISBLANK($H93),0,$C93*$H93*$I93) -> 0 | L93: =IF(AND($D93="Y",$H93=0,$I93=1),"CRITICAL FAIL",IF($H93=-1,"EVIDENCE MISSING","")) -> CRITICAL FAIL | M93: Critical Integrity | N93: Verified/Failed | O93: Quality fail | P93: Product ondersteunt geclaimde werking niet.
A94: Claim Fit / Purpose Fit | B94: Doseringen van hoofdingrediënten passend bij het geclaimde doel. | C94: 6 | D94: Y | E94: ALL | F94: LITERATURE | G94: LABEL | I94: =IF($E94="ALL",1,IF(ISNUMBER(LOOKUP($E94,$B$2)),1,0)) -> 1 | J94: =IF(ISBLANK($H94),0,$C94*$H94*$I94) -> 0 | L94: =IF(AND($D94="Y",$H94=0,$I94=1),"CRITICAL FAIL",IF($H94=-1,"EVIDENCE MISSING","")) -> CRITICAL FAIL | M94: Critical Integrity | N94: Verified/Failed | O94: Quality fail | P94: Dosering te laag om effect te hebben.
A95: Claim Fit / Purpose Fit | B95: Vormkeuze van ingrediënten passend bij het geclaimde doel (bijv. magnesiumglycinaat voor slaap). | C95: 4 | D95: N | E95: ALL | F95: LABEL | G95: LITERATURE | I95: =IF($E95="ALL",1,IF(ISNUMBER(LOOKUP($E95,$B$2)),1,0)) -> 1 | J95: =IF(ISBLANK($H95),0,$C95*$H95*$I95) -> 0 | L95: =IF(AND($D95="Y",$H95=0,$I95=1),"CRITICAL FAIL",IF($H95=-1,"EVIDENCE MISSING","")) | M95: Major | N95: Verified/Failed | O95: Quality fail | P95: Vormkeuze vermindert effectiviteit.
A96: Claim Fit / Purpose Fit | B96: Geen tegenstrijdige ingrediënten die de primaire werking ondermijnen. | C96: 4 | D96: N | E96: ALL | F96: FORMULATION | G96: SPEC | I96: =IF($E96="ALL",1,IF(ISNUMBER(LOOKUP($E96,$B$2)),1,0)) -> 1 | J96: =IF(ISBLANK($H96),0,$C96*$H96*$I96) -> 0 | L96: =IF(AND($D96="Y",$H96=0,$I96=1),"CRITICAL FAIL",IF($H96=-1,"EVIDENCE MISSING","")) | M96: Major | N96: Verified/Failed | O96: Quality fail | P96: Ingrediënten werken elkaar tegen.
A97: Claim Fit / Purpose Fit | B97: Product bevat geen overbodige ingrediënten zonder duidelijke functie (“fairy dust”). | C97: 4 | D97: N | E97: ALL | F97: LABEL | G97: SPEC | I97: =IF($E97="ALL",1,IF(ISNUMBER(LOOKUP($E97,$B$2)),1,0)) -> 1 | J97: =IF(ISBLANK($H97),0,$C97*$H97*$I97) -> 0 | L97: =IF(AND($D97="Y",$H97=0,$I97=1),"CRITICAL FAIL",IF($H97=-1,"EVIDENCE MISSING","")) | M97: Minor | N97: Verified/Failed | O97: Quality fail | P97: Formule onnodig complex of marketinggedreven.
A98: Claim Fit / Purpose Fit | B98: Aantal actieve ingrediënten passend bij doel (geen shotgun-formule zonder logica). | C98: 3 | D98: N | E98: ALL | F98: FORMULATION | G98: SPEC | I98: =IF($E98="ALL",1,IF(ISNUMBER(LOOKUP($E98,$B$2)),1,0)) -> 1 | J98: =IF(ISBLANK($H98),0,$C98*$H98*$I98) -> 0 | L98: =IF(AND($D98="Y",$H98=0,$I98=1),"CRITICAL FAIL",IF($H98=-1,"EVIDENCE MISSING","")) | M98: Minor | N98: Verified/Failed | O98: Quality fail | P98: Moeilijk te begrijpen of inconsistent product.
A99: Claim Fit / Purpose Fit | B99: Claims consistent tussen etiket, website en marketingmateriaal. | C99: 5 | D99: Y | E99: ALL | F99: LABEL | I99: =IF($E99="ALL",1,IF(ISNUMBER(LOOKUP($E99,$B$2)),1,0)) -> 1 | J99: =IF(ISBLANK($H99),0,$C99*$H99*$I99) -> 0 | L99: =IF(AND($D99="Y",$H99=0,$I99=1),"CRITICAL FAIL",IF($H99=-1,"EVIDENCE MISSING","")) -> CRITICAL FAIL | M99: Critical Integrity | N99: Verified/Failed | O99: Compliance fail | P99: Misleidende of inconsistente claims.
A100: Claim Fit / Purpose Fit | B100: Claimniveau past bij het beschikbare evidence-niveau (geen sterke claims bij zwak bewijs). | C100: 4 | D100: N | E100: ALL | F100: LITERATURE | G100: SPEC | I100: =IF($E100="ALL",1,IF(ISNUMBER(LOOKUP($E100,$B$2)),1,0)) -> 1 | J100: =IF(ISBLANK($H100),0,$C100*$H100*$I100) -> 0 | L100: =IF(AND($D100="Y",$H100=0,$I100=1),"CRITICAL FAIL",IF($H100=-1,"EVIDENCE MISSING","")) | M100: Major | N100: Verified/Failed | O100: Claim fail | P100: Overdreven gezondheidsclaims.
A101: Claim Fit / Purpose Fit | B101: Geen impliciete ziekteclaims of therapeutische claims buiten regelgeving. | C101: 6 | D101: Y | E101: ALL | F101: LABEL | I101: =IF($E101="ALL",1,IF(ISNUMBER(LOOKUP($E101,$B$2)),1,0)) -> 1 | J101: =IF(ISBLANK($H101),0,$C101*$H101*$I101) -> 0 | L101: =IF(AND($D101="Y",$H101=0,$I101=1),"CRITICAL FAIL",IF($H101=-1,"EVIDENCE MISSING","")) -> CRITICAL FAIL | M101: Critical Integrity | N101: Verified/Failed | O101: Compliance fail | P101: Onwettige of misleidende gezondheidsclaims.
A102: Claim Fit / Purpose Fit | B102: Product positionering duidelijk (preventie, ondersteuning of therapeutisch gebruik). | C102: 2 | D102: N | E102: ALL | F102: LABEL | I102: =IF($E102="ALL",1,IF(ISNUMBER(LOOKUP($E102,$B$2)),1,0)) -> 1 | J102: =IF(ISBLANK($H102),0,$C102*$H102*$I102) -> 0 | L102: =IF(AND($D102="Y",$H102=0,$I102=1),"CRITICAL FAIL",IF($H102=-1,"EVIDENCE MISSING","")) | M102: Info | N102: Verified/Failed | O102: Claim fail | P102: Consument begrijpt rol van product niet goed.
A104: Delivery & Excipients | B104: Toedieningsvorm passend bij producttype en beoogd gebruik (capsule, softgel, poeder, gummy, vloeibaar). | C104: 4 | D104: N | E104: ALL | F104: LABEL | G104: PACKAGING | I104: =IF($E104="ALL",1,IF(ISNUMBER(LOOKUP($E104,$B$2)),1,0)) -> 1 | J104: =IF(ISBLANK($H104),0,$C104*$H104*$I104) -> 0 | L104: =IF(AND($D104="Y",$H104=0,$I104=1),"CRITICAL FAIL",IF($H104=-1,"EVIDENCE MISSING","")) | M104: Major | N104: Verified/Failed | O104: Quality fail | P104: Minder praktisch of minder geschikt gebruik.
A105: Delivery & Excipients | B105: Delivery matrix ondersteunt opname waar relevant (bijv. softgel bij vetoplosbare stoffen). | C105: 5 | D105: N | E105: ALL | F105: LABEL | G105: FORMULATION | I105: =IF($E105="ALL",1,IF(ISNUMBER(LOOKUP($E105,$B$2)),1,0)) -> 1 | J105: =IF(ISBLANK($H105),0,$C105*$H105*$I105) -> 0 | L105: =IF(AND($D105="Y",$H105=0,$I105=1),"CRITICAL FAIL",IF($H105=-1,"EVIDENCE MISSING","")) | M105: Major | N105: Verified/Failed | O105: Quality fail | P105: Opname kan suboptimaal zijn.
A106: Delivery & Excipients | B106: Geen overmatige excipient-belasting ten opzichte van actieve inhoud. | C106: 5 | D106: N | E106: ALL | F106: LABEL | G106: SPEC | I106: =IF($E106="ALL",1,IF(ISNUMBER(LOOKUP($E106,$B$2)),1,0)) -> 1 | J106: =IF(ISBLANK($H106),0,$C106*$H106*$I106) -> 0 | L106: =IF(AND($D106="Y",$H106=0,$I106=1),"CRITICAL FAIL",IF($H106=-1,"EVIDENCE MISSING","")) | M106: Major | N106: Verified/Failed | O106: Quality fail | P106: Relatief veel vulstoffen, weinig werkzame inhoud.
A107: Delivery & Excipients | B107: Geen onnodige zoetstoffen, kleurstoffen, aroma’s of coatings zonder functionele meerwaarde. | C107: 4 | D107: N | E107: ALL | F107: LABEL | I107: =IF($E107="ALL",1,IF(ISNUMBER(LOOKUP($E107,$B$2)),1,0)) -> 1 | J107: =IF(ISBLANK($H107),0,$C107*$H107*$I107) -> 0 | L107: =IF(AND($D107="Y",$H107=0,$I107=1),"CRITICAL FAIL",IF($H107=-1,"EVIDENCE MISSING","")) | M107: Minor | N107: Verified/Failed | O107: Quality fail | P107: Onnodige additieven zonder functioneel voordeel.
...

Sheet Category_modules
A1: Producttype | B1: =Engine_review_score!B2 -> 0
A4: ModuleType | B4: AppliesTo | C4: Criterion | D4: Weight | E4: Critical | F4: Evidence | G4: Pass | H4: Applies | I4: Score | J4: Notes | K4: QA_flag | L4: Severity | M4: Evidence_status | N4: Failure_type | O4: Consumer_impact | P4: Evidence_quality | Q4: Context_flags | R4: Review_valid_until | S4: Review_trigger
A5: Omega3 | B5: OMEGA3 | C5: EPA + DHA exact per dosering + totale omega-3 duidelijk vermeld (geen generieke “fish oil” without specification). | D5: 8 | E5: Y | F5: label | H5: =IF($B5=$B$1,1,0) -> 0 | I5: =IF(ISBLANK($G5),0,$D5*$G5*$H5) -> 0 | K5: =IF(AND($E5="Y",$G5=0,$H5=1),"CRITICAL FAIL",IF($G5=-1,"EVIDENCE MISSING","")) | L5: Critical Integrity | M5: Verified/Failed | N5: Compliance fail | O5: Consument kan werkelijke EPA/DHA-dosering niet beoordelen; effectiviteit en vergelijkbaarheid tussen producten onduidelijk.
A6: Omega3 | B6: OMEGA3 | C6: Vorm gespecificeerd (TG/rTG/PL/EE) en plausibel voor producttype. | D6: 6 | E6: N | F6: label/spec | H6: =IF($B6=$B$1,1,0) -> 0 | I6: =IF(ISBLANK($G6),0,$D6*$G6*$H6) -> 0 | K6: =IF(AND($E6="Y",$G6=0,$H6=1),"CRITICAL FAIL",IF($G6=-1,"EVIDENCE MISSING","")) | L6: Major | M6: Verified/Failed | N6: Quality fail | O6: Onbekende vetzuurvorm kan lagere biologische beschikbaarheid of minder geschikte opname geven.
A7: Omega3 | B7: OMEGA3 | C7: Oxidatiecontrole volledig en batch-specifiek onder acceptabele limieten (PV ≤5, AV ≤20, TOTOX ≤26). | D7: 9 | E7: Y | F7: COA | H7: =IF($B7=$B$1,1,0) -> 0 | I7: =IF(ISBLANK($G7),0,$D7*$G7*$H7) -> 0 | K7: =IF(AND($E7="Y",$G7=0,$H7=1),"CRITICAL FAIL",IF($G7=-1,"EVIDENCE MISSING","")) | L7: Critical Safety | M7: Verified/Missing | N7: Safety fail | O7: Risico op geoxideerde olie; mogelijke blootstelling aan schadelijke oxidatieproducten.
A8: Omega3 | B8: OMEGA3 | C8: Dioxines en PCB’s batch-specifiek getest en binnen veilige limieten. | D8: 10 | E8: Y | F8: COA | H8: =IF($B8=$B$1,1,0) -> 0 | I8: =IF(ISBLANK($G8),0,$D8*$G8*$H8) -> 0 | K8: =IF(AND($E8="Y",$G8=0,$H8=1),"CRITICAL FAIL",IF($G8=-1,"EVIDENCE MISSING","")) | L8: Critical Safety | M8: Verified/Missing | N8: Safety fail | O8: Mogelijke blootstelling aan persistente toxische stoffen (dioxines/PCB’s) met lange-termijn gezondheidsrisico.
A9: Omega3 | B9: OMEGA3 | C9: Zware metalen aantoonbaar ruim onder EU-limieten voor mariene oliën. | D9: 10 | E9: Y | F9: COA | H9: =IF($B9=$B$1,1,0) -> 0 | I9: =IF(ISBLANK($G9),0,$D9*$G9*$H9) -> 0 | K9: =IF(AND($E9="Y",$G9=0,$H9=1),"CRITICAL FAIL",IF($G9=-1,"EVIDENCE MISSING","")) | L9: Critical Safety | M9: Verified/Missing | N9: Safety fail | O9: Mogelijke blootstelling aan zware metalen uit mariene bronnen.
A10: Omega3 | B10: OMEGA3 | C10: Antioxidantbescherming aanwezig (bijv. tocoferolen) en verpakking geschikt tegen oxidatie (donkere fles/softgelmatrix). | D10: 5 | E10: N | F10: label/spec | H10: =IF($B10=$B$1,1,0) -> 0 | I10: =IF(ISBLANK($G10),0,$D10*$G10*$H10) -> 0 | K10: =IF(AND($E10="Y",$G10=0,$H10=1),"CRITICAL FAIL",IF($G10=-1,"EVIDENCE MISSING","")) | L10: Major | M10: Verified/Failed | N10: Quality fail | O10: Versnelde oxidatie kan productkwaliteit en werkzaamheid verminderen.
A11: Omega3 | B11: OMEGA3 | C11: Effectieve EPA+DHA hoeveelheid per dagdosering klinisch relevant (≥500–1000 mg afhankelijk van positionering). | D11: 7 | E11: N | F11: label/literature | H11: =IF($B11=$B$1,1,0) -> 0 | I11: =IF(ISBLANK($G11),0,$D11*$G11*$H11) -> 0 | K11: =IF(AND($E11="Y",$G11=0,$H11=1),"CRITICAL FAIL",IF($G11=-1,"EVIDENCE MISSING","")) | L11: Major | M11: Verified/Failed | N11: Quality fail | O11: Dosering mogelijk te laag voor klinisch relevant effect; consument verwacht mogelijk werking die niet optreedt.
A12: Omega3 | B12: OMEGA3 | C12: Brontransparantie aanwezig (vissoort of algensoort vermeld). | D12: 4 | E12: N | F12: label/spec | H12: =IF($B12=$B$1,1,0) -> 0 | I12: =IF(ISBLANK($G12),0,$D12*$G12*$H12) -> 0 | K12: =IF(AND($E12="Y",$G12=0,$H12=1),"CRITICAL FAIL",IF($G12=-1,"EVIDENCE MISSING","")) | L12: Minor | M12: Verified/Failed | N12: Quality fail | O12: Onbekende bron belemmert beoordeling van duurzaamheid, allergenen of oxidatierisico.
A13: Omega3 | B13: OMEGA3 | C13: Onafhankelijke kwaliteitscertificering aanwezig indien geclaimd (bijv. IFOS of vergelijkbaar). | D13: 4 | E13: N | F13: certification | H13: =IF($B13=$B$1,1,0) -> 0 | I13: =IF(ISBLANK($G13),0,$D13*$G13*$H13) -> 0 | K13: =IF(AND($E13="Y",$G13=0,$H13=1),"CRITICAL FAIL",IF($G13=-1,"EVIDENCE MISSING","")) | L13: Minor | M13: Verified/Missing | N13: Claim fail | O13: Kwaliteitsclaim niet controleerbaar; consument kan betrouwbaarheid van product moeilijk beoordelen.
A14: Omega3 | B14: OMEGA3 | C14: Dopingcertificering aanwezig indien product sportgericht gepositioneerd wordt. | D14: 7 | E14: Y | F14: certification | H14: =IF($B14=$B$1,1,0) -> 0 | I14: =IF(ISBLANK($G14),0,$D14*$G14*$H14) -> 0 | K14: =IF(AND($E14="Y",$G14=0,$H14=1),"CRITICAL FAIL",IF($G14=-1,"EVIDENCE MISSING","")) | L14: Critical Integrity | M14: Verified/Missing | N14: Safety fail | O14: Mogelijk risico voor sporters als product niet aantoonbaar vrij is van dopingrelevante contaminanten.
K15: =IF(AND($E15="Y",$G15=0,$H15=1),"CRITICAL FAIL",IF($G15=-1,"EVIDENCE MISSING",""))
A16: Probiotic | B16: PROBIOTIC | C16: Genus + species + straincode volledig vermeld (bijv. ATCC/DSM/BB-12 etc.). | D16: 8 | E16: Y | F16: label | H16: =IF($B16=$B$1,1,0) -> 0 | I16: =IF(ISBLANK($G16),0,$D16*$G16*$H16) -> 0 | K16: =IF(AND($E16="Y",$G16=0,$H16=1),"CRITICAL FAIL",IF($G16=-1,"EVIDENCE MISSING","")) | L16: Critical Integrity | M16: Verified/Failed | N16: Compliance fail | O16: Zonder volledige strain-identificatie is de werking niet herleidbaar naar klinisch onderzochte probiotische stammen.
A17: Probiotic | B17: PROBIOTIC | C17: CFU per strain gespecificeerd (niet alleen totaal CFU in blend). | D17: 6 | E17: Y | F17: label/spec | H17: =IF($B17=$B$1,1,0) -> 0 | I17: =IF(ISBLANK($G17),0,$D17*$G17*$H17) -> 0 | K17: =IF(AND($E17="Y",$G17=0,$H17=1),"CRITICAL FAIL",IF($G17=-1,"EVIDENCE MISSING","")) | L17: Major | M17: Verified/Failed | N17: Quality fail | O17: Onbekend hoeveel CFU per stam aanwezig is; effectiviteit van de formule niet betrouwbaar te beoordelen.
A18: Probiotic | B18: PROBIOTIC | C18: CFU gegarandeerd tot einde THT (niet alleen “at manufacture”). | D18: 8 | E18: Y | F18: spec/stability | H18: =IF($B18=$B$1,1,0) -> 0 | I18: =IF(ISBLANK($G18),0,$D18*$G18*$H18) -> 0 | K18: =IF(AND($E18="Y",$G18=0,$H18=1),"CRITICAL FAIL",IF($G18=-1,"EVIDENCE MISSING","")) | L18: Critical Safety | M18: Verified/Missing | N18: Quality fail | O18: CFU kan sterk dalen vóór einde THT; consument krijgt mogelijk minder levende bacteriën dan verwacht.
A19: Probiotic | B19: PROBIOTIC | C19: Strain-identiteit analytisch bevestigd (bijv. whole genome sequencing of gevalideerde methode). | D19: 9 | E19: Y | F19: spec/COA | H19: =IF($B19=$B$1,1,0) -> 0 | I19: =IF(ISBLANK($G19),0,$D19*$G19*$H19) -> 0 | K19: =IF(AND($E19="Y",$G19=0,$H19=1),"CRITICAL FAIL",IF($G19=-1,"EVIDENCE MISSING","")) | L19: Critical Integrity | M19: Verified/Missing | N19: Quality fail | O19: Onbekende strain-identiteit kan leiden tot onbetrouwbare werking of verkeerde bacteriestam.
A20: Probiotic | B20: PROBIOTIC | C20: Afwezigheid overdraagbare antibiotic resistance genes aantoonbaar gecontroleerd. | D20: 9 | E20: Y | F20: spec/COA | H20: =IF($B20=$B$1,1,0) -> 0 | I20: =IF(ISBLANK($G20),0,$D20*$G20*$H20) -> 0 | K20: =IF(AND($E20="Y",$G20=0,$H20=1),"CRITICAL FAIL",IF($G20=-1,"EVIDENCE MISSING","")) | L20: Critical Safety | M20: Verified/Missing | N20: Safety fail | O20: Mogelijk risico op overdraagbare antibiotic resistance genes in bacteriestammen.
A21: Probiotic | B21: PROBIOTIC | C21: Opslag- en vochtbescherming passend voor levensvatbaarheid (blister/barrière verpakking/desiccant waar nodig). | D21: 6 | E21: N | F21: spec/packaging | H21: =IF($B21=$B$1,1,0) -> 0 | I21: =IF(ISBLANK($G21),0,$D21*$G21*$H21) -> 0 | K21: =IF(AND($E21="Y",$G21=0,$H21=1),"CRITICAL FAIL",IF($G21=-1,"EVIDENCE MISSING","")) | L21: Major | M21: Verified/Failed | N21: Quality fail | O21: Onvoldoende bescherming tegen vocht of zuurstof kan snelle afname van levensvatbare bacteriën veroorzaken.
A22: Probiotic | B22: PROBIOTIC | C22: Stabiliteit aangetoond onder realistische opslagcondities (niet alleen ideale labcondities). | D22: 7 | E22: Y | F22: stability data | H22: =IF($B22=$B$1,1,0) -> 0 | I22: =IF(ISBLANK($G22),0,$D22*$G22*$H22) -> 0 | K22: =IF(AND($E22="Y",$G22=0,$H22=1),"CRITICAL FAIL",IF($G22=-1,"EVIDENCE MISSING","")) | L22: Critical Safety | M22: Verified/Missing | N22: Quality fail | O22: Levensvatbaarheid van bacteriën mogelijk overschat wanneer stabiliteit alleen onder ideale omstandigheden getest is.
A23: Probiotic | B23: PROBIOTIC | C23: Strain-specifieke klinische onderbouwing aanwezig voor geclaimde werking. | D23: 6 | E23: N | F23: literature | H23: =IF($B23=$B$1,1,0) -> 0 | I23: =IF(ISBLANK($G23),0,$D23*$G23*$H23) -> 0 | K23: =IF(AND($E23="Y",$G23=0,$H23=1),"CRITICAL FAIL",IF($G23=-1,"EVIDENCE MISSING","")) | L23: Major | M23: Verified/Failed | N23: Claim fail | O23: Geclaimde gezondheidswerking mogelijk niet onderbouwd met klinisch bewijs voor de gebruikte stam.
A24: Probiotic | B24: PROBIOTIC | C24: Formulering ondersteunt overleving door maagzuur waar relevant (matrix/enteric bescherming). | D24: 5 | E24: N | F24: spec/formulation | H24: =IF($B24=$B$1,1,0) -> 0 | I24: =IF(ISBLANK($G24),0,$D24*$G24*$H24) -> 0 | K24: =IF(AND($E24="Y",$G24=0,$H24=1),"CRITICAL FAIL",IF($G24=-1,"EVIDENCE MISSING","")) | L24: Major | M24: Verified/Failed | N24: Quality fail | O24: Onvoldoende bescherming tegen maagzuur kan leiden tot lage overleving van bacteriën en verminderde effectiviteit.
K25: =IF(AND($E25="Y",$G25=0,$H25=1),"CRITICAL FAIL",IF($G25=-1,"EVIDENCE MISSING",""))
A26: Botanical | B26: BOTANICAL | C26: Latijnse plantnaam (genus + species), plantdeel en herkomst duidelijk gespecificeerd. | D26: 8 | E26: Y | F26: label/spec | H26: =IF($B26=$B$1,1,0) -> 0 | I26: =IF(ISBLANK($G26),0,$D26*$G26*$H26) -> 0 | K26: =IF(AND($E26="Y",$G26=0,$H26=1),"CRITICAL FAIL",IF($G26=-1,"EVIDENCE MISSING","")) | L26: Critical Integrity | M26: Verified/Failed | N26: Compliance fail | O26: Onvoldoende specificatie van plantsoort of plantdeel maakt identificatie en vergelijking van het ingrediënt onmogelijk.
A27: Botanical | B27: BOTANICAL | C27: Extractratio en extracttype transparant en plausibel vermeld. | D27: 6 | E27: N | F27: label/spec | H27: =IF($B27=$B$1,1,0) -> 0 | I27: =IF(ISBLANK($G27),0,$D27*$G27*$H27) -> 0 | K27: =IF(AND($E27="Y",$G27=0,$H27=1),"CRITICAL FAIL",IF($G27=-1,"EVIDENCE MISSING","")) | L27: Major | M27: Verified/Failed | N27: Quality fail | O27: Onbekende extractiemethode of ratio maakt potentie en concentratie van actieve stoffen onduidelijk.
A28: Botanical | B28: BOTANICAL | C28: Standaardisatie op markercompound of actieve fractie (%) duidelijk vermeld. | D28: 7 | E28: Y | F28: label/spec/COA | H28: =IF($B28=$B$1,1,0) -> 0 | I28: =IF(ISBLANK($G28),0,$D28*$G28*$H28) -> 0 | K28: =IF(AND($E28="Y",$G28=0,$H28=1),"CRITICAL FAIL",IF($G28=-1,"EVIDENCE MISSING","")) | L28: Critical Integrity | M28: Verified/Missing | N28: Quality fail | O28: Zonder duidelijke standaardisatie is de hoeveelheid actieve stoffen onvoorspelbaar.
A29: Botanical | B29: BOTANICAL | C29: Markercompound klinisch relevant voor de geclaimde werking. | D29: 6 | E29: N | F29: literature/spec | H29: =IF($B29=$B$1,1,0) -> 0 | I29: =IF(ISBLANK($G29),0,$D29*$G29*$H29) -> 0 | K29: =IF(AND($E29="Y",$G29=0,$H29=1),"CRITICAL FAIL",IF($G29=-1,"EVIDENCE MISSING","")) | L29: Major | M29: Verified/Failed | N29: Claim fail | O29: Geclaimde werking kan niet logisch worden gekoppeld aan een relevante actieve markerstof.
A30: Botanical | B30: BOTANICAL | C30: Botanische identiteit analytisch bevestigd (bijv. HPLC/HPTLC fingerprint of DNA-analyse). | D30: 9 | E30: Y | F30: spec/COA | H30: =IF($B30=$B$1,1,0) -> 0 | I30: =IF(ISBLANK($G30),0,$D30*$G30*$H30) -> 0 | K30: =IF(AND($E30="Y",$G30=0,$H30=1),"CRITICAL FAIL",IF($G30=-1,"EVIDENCE MISSING","")) | L30: Critical Integrity | M30: Verified/Missing | N30: Quality fail | O30: Identiteit van de botanische grondstof niet analytisch bevestigd; risico op verkeerde plantsoort.
A31: Botanical | B31: BOTANICAL | C31: Adulteratie of botanische substitutie aantoonbaar uitgesloten. | D31: 9 | E31: Y | F31: spec/COA | H31: =IF($B31=$B$1,1,0) -> 0 | I31: =IF(ISBLANK($G31),0,$D31*$G31*$H31) -> 0 | K31: =IF(AND($E31="Y",$G31=0,$H31=1),"CRITICAL FAIL",IF($G31=-1,"EVIDENCE MISSING","")) | L31: Critical Integrity | M31: Verified/Missing | N31: Safety fail | O31: Risico op vervalsing of substitutie met andere plantsoorten met mogelijk andere veiligheid of werking.
A32: Botanical | B32: BOTANICAL | C32: Pesticiden en herbiciden getest en binnen veilige limieten. | D32: 8 | E32: Y | F32: COA | H32: =IF($B32=$B$1,1,0) -> 0 | I32: =IF(ISBLANK($G32),0,$D32*$G32*$H32) -> 0 | K32: =IF(AND($E32="Y",$G32=0,$H32=1),"CRITICAL FAIL",IF($G32=-1,"EVIDENCE MISSING","")) | L32: Critical Safety | M32: Verified/Missing | N32: Safety fail | O32: Mogelijke blootstelling aan pesticiden of herbiciden uit teelt van botanische grondstoffen.
A33: Botanical | B33: BOTANICAL | C33: Mycotoxinen getest waar relevant voor botanische grondstoffen. | D33: 7 | E33: Y | F33: COA | H33: =IF($B33=$B$1,1,0) -> 0 | I33: =IF(ISBLANK($G33),0,$D33*$G33*$H33) -> 0 | K33: =IF(AND($E33="Y",$G33=0,$H33=1),"CRITICAL FAIL",IF($G33=-1,"EVIDENCE MISSING","")) | L33: Critical Safety | M33: Verified/Missing | N33: Safety fail | O33: Risico op blootstelling aan mycotoxinen uit schimmelgroei tijdens teelt of opslag.
A34: Botanical | B34: BOTANICAL | C34: Oplosmiddelresiduen binnen ICH Q3C limieten. | D34: 8 | E34: Y | F34: COA | H34: =IF($B34=$B$1,1,0) -> 0 | I34: =IF(ISBLANK($G34),0,$D34*$G34*$H34) -> 0 | K34: =IF(AND($E34="Y",$G34=0,$H34=1),"CRITICAL FAIL",IF($G34=-1,"EVIDENCE MISSING","")) | L34: Critical Safety | M34: Verified/Missing | N34: Safety fail | O34: Mogelijke aanwezigheid van residuele oplosmiddelen uit extractieproces.
A35: Botanical | B35: BOTANICAL | C35: Batch-to-batch consistentie van markercompound of actieve fractie aantoonbaar. | D35: 6 | E35: N | F35: spec/COA | H35: =IF($B35=$B$1,1,0) -> 0 | I35: =IF(ISBLANK($G35),0,$D35*$G35*$H35) -> 0 | K35: =IF(AND($E35="Y",$G35=0,$H35=1),"CRITICAL FAIL",IF($G35=-1,"EVIDENCE MISSING","")) | L35: Major | M35: Verified/Missing | N35: Quality fail | O35: Variatie tussen batches kan leiden tot onvoorspelbare werking of inconsistent producteffect.
K36: =IF(AND($E36="Y",$G36=0,$H36=1),"CRITICAL FAIL",IF($G36=-1,"EVIDENCE MISSING",""))
A37: Vitamin | B37: VITAMIN | C37: Vitaminevorm expliciet gedeclareerd voor alle vitaminen (geen generieke “vitamin B complex” zonder vormen). | D37: 7 | E37: Y | F37: label | H37: =IF($B37=$B$1,1,0) -> 0 | I37: =IF(ISBLANK($G37),0,$D37*$G37*$H37) -> 0 | K37: =IF(AND($E37="Y",$G37=0,$H37=1),"CRITICAL FAIL",IF($G37=-1,"EVIDENCE MISSING","")) | L37: Critical Integrity | M37: Verified/Failed | N37: Compliance fail | O37: Consument kan niet zien welke specifieke vitaminevormen aanwezig zijn; effectiviteit en vergelijkbaarheid met andere producten onduidelijk.
A38: Vitamin | B38: VITAMIN | C38: Vitamine D vorm = cholecalciferol (D3) tenzij duidelijke rationale voor D2. | D38: 6 | E38: N | F38: label | H38: =IF($B38=$B$1,1,0) -> 0 | I38: =IF(ISBLANK($G38),0,$D38*$G38*$H38) -> 0 | K38: =IF(AND($E38="Y",$G38=0,$H38=1),"CRITICAL FAIL",IF($G38=-1,"EVIDENCE MISSING","")) | L38: Major | M38: Verified/Failed | N38: Quality fail | O38: Minder effectieve vitamine D-vorm kan worden gebruikt waardoor biologische beschikbaarheid lager is.
A39: Vitamin | B39: VITAMIN | C39: Vitamine K2 vorm gespecificeerd (MK-7 all-trans of equivalent bewijs). | D39: 6 | E39: N | F39: label/spec | H39: =IF($B39=$B$1,1,0) -> 0 | I39: =IF(ISBLANK($G39),0,$D39*$G39*$H39) -> 0 | K39: =IF(AND($E39="Y",$G39=0,$H39=1),"CRITICAL FAIL",IF($G39=-1,"EVIDENCE MISSING","")) | L39: Major | M39: Verified/Failed | N39: Quality fail | O39: Onbekende K2-vorm maakt effectiviteit en stabiliteit van het ingrediënt onzeker.
A40: Vitamin | B40: VITAMIN | C40: Folaatvorm biologisch actief (5-MTHF) waar relevant i.p.v. uitsluitend foliumzuur. | D40: 6 | E40: N | F40: label | H40: =IF($B40=$B$1,1,0) -> 0 | I40: =IF(ISBLANK($G40),0,$D40*$G40*$H40) -> 0 | K40: =IF(AND($E40="Y",$G40=0,$H40=1),"CRITICAL FAIL",IF($G40=-1,"EVIDENCE MISSING","")) | L40: Major | M40: Verified/Failed | N40: Quality fail | O40: Foliumzuur kan minder efficiënt worden omgezet bij sommige gebruikers; biologische benutting kan beperkt zijn.
A41: Vitamin | B41: VITAMIN | C41: Vitamine B12 vorm biologisch actief (methyl/hydroxy/adenosyl) i.p.v. cyanocobalamine als hoofdvorm. | D41: 6 | E41: N | F41: label | H41: =IF($B41=$B$1,1,0) -> 0 | I41: =IF(ISBLANK($G41),0,$D41*$G41*$H41) -> 0 | K41: =IF(AND($E41="Y",$G41=0,$H41=1),"CRITICAL FAIL",IF($G41=-1,"EVIDENCE MISSING","")) | L41: Major | M41: Verified/Failed | N41: Quality fail | O41: Minder biologisch actieve B12-vorm kan leiden tot lagere opname en effectiviteit.
A42: Vitamin | B42: VITAMIN | C42: Vitamine B6 dosering veilig voor langdurig gebruik (geen structurele dosering >25 mg zonder duidelijke context). | D42: 8 | E42: Y | F42: label/literature | H42: =IF($B42=$B$1,1,0) -> 0 | I42: =IF(ISBLANK($G42),0,$D42*$G42*$H42) -> 0 | K42: =IF(AND($E42="Y",$G42=0,$H42=1),"CRITICAL FAIL",IF($G42=-1,"EVIDENCE MISSING","")) | L42: Critical Safety | M42: Verified/Failed | N42: Safety fail | O42: Te hoge B6-dosering kan bij langdurig gebruik neurologische klachten veroorzaken.
A43: Vitamin | B43: VITAMIN | C43: Vitamine A (retinol) alleen hoog gedoseerd met duidelijke waarschuwing/context. | D43: 7 | E43: Y | F43: label | H43: =IF($B43=$B$1,1,0) -> 0 | I43: =IF(ISBLANK($G43),0,$D43*$G43*$H43) -> 0 | K43: =IF(AND($E43="Y",$G43=0,$H43=1),"CRITICAL FAIL",IF($G43=-1,"EVIDENCE MISSING","")) | L43: Critical Safety | M43: Verified/Failed | N43: Safety fail | O43: Hoge retinol-inname zonder waarschuwing kan gezondheidsrisico geven, met name bij langdurig gebruik of zwangerschap.
A44: Vitamin | B44: VITAMIN | C44: Vitamine E natuurlijke vorm of gemengde tocoferolen gespecificeerd (geen ongespecificeerde synthetische mix). | D44: 6 | E44: N | F44: label/spec | H44: =IF($B44=$B$1,1,0) -> 0 | I44: =IF(ISBLANK($G44),0,$D44*$G44*$H44) -> 0 | K44: =IF(AND($E44="Y",$G44=0,$H44=1),"CRITICAL FAIL",IF($G44=-1,"EVIDENCE MISSING","")) | L44: Major | M44: Verified/Failed | N44: Quality fail | O44: Onbekende of synthetische vitamine E-vorm kan lagere biologische activiteit hebben.
A45: Vitamin | B45: VITAMIN | C45: Niacinevorm expliciet gedeclareerd (nicotinic acid / nicotinamide / andere vorm). | D45: 4 | E45: N | F45: label | H45: =IF($B45=$B$1,1,0) -> 0 | I45: =IF(ISBLANK($G45),0,$D45*$G45*$H45) -> 0 | K45: =IF(AND($E45="Y",$G45=0,$H45=1),"CRITICAL FAIL",IF($G45=-1,"EVIDENCE MISSING","")) | L45: Minor | M45: Verified/Failed | N45: Compliance fail | O45: Onbekende niacinevorm kan leiden tot onverwachte flush-effecten of verkeerde interpretatie van dosering.
A46: Vitamin | B46: VITAMIN | C46: B-vitamine verhoudingen rationeel geformuleerd (geen extreme megadosering van individuele B-vitaminen). | D46: 5 | E46: N | F46: label/spec | H46: =IF($B46=$B$1,1,0) -> 0 | I46: =IF(ISBLANK($G46),0,$D46*$G46*$H46) -> 0 | K46: =IF(AND($E46="Y",$G46=0,$H46=1),"CRITICAL FAIL",IF($G46=-1,"EVIDENCE MISSING","")) | L46: Major | M46: Verified/Failed | N46: Quality fail | O46: Onevenwichtige B-vitamineverhoudingen kunnen metabolische balans verstoren of onnodig hoge doseringen veroorzaken.
A47: Vitamin | B47: VITAMIN | C47: Doseringen binnen veilige langdurige grenzen of duidelijke doelgroepcontext. | D47: 8 | E47: Y | F47: label/literature | H47: =IF($B47=$B$1,1,0) -> 0 | I47: =IF(ISBLANK($G47),0,$D47*$G47*$H47) -> 0 | K47: =IF(AND($E47="Y",$G47=0,$H47=1),"CRITICAL FAIL",IF($G47=-1,"EVIDENCE MISSING","")) | L47: Critical Safety | M47: Verified/Failed | N47: Safety fail | O47: Doseringen buiten veilige grenzen kunnen risico geven bij langdurige consumptie.
A48: Vitamin | B48: VITAMIN | C48: Vetoplosbare vitaminen geformuleerd met geschikte carrier (olie/micro-encapsulatie) waar relevant. | D48: 5 | E48: N | F48: spec/formulation | H48: =IF($B48=$B$1,1,0) -> 0 | I48: =IF(ISBLANK($G48),0,$D48*$G48*$H48) -> 0 | K48: =IF(AND($E48="Y",$G48=0,$H48=1),"CRITICAL FAIL",IF($G48=-1,"EVIDENCE MISSING","")) | L48: Minor | M48: Verified/Failed | N48: Quality fail | O48: Zonder geschikte carrier kunnen vetoplosbare vitaminen minder efficiënt worden opgenomen.
... A50: Vitamin | B50: VITAMIN | C50: Biobeschikbaarheidsclaims (bijv. liposomaal/sublinguaal) onderbouwd met relevante data indien geclaimd. | D50: 5 | E50: Y | F50: testdata/literature | H50: =IF($B50=$B$1,1,0) -> 0 | I50: =IF(ISBLANK($G50),0,$D50*$G50*$H50) -> 0 | K50: =IF(AND($E50="Y",$G50=0,$H50=1),"CRITICAL FAIL",IF($G50=-1,"EVIDENCE MISSING","")) | L50: Major | M50: Verified/Missing | N50: Claim fail | O50: Geclaimde verbeterde biobeschikbaarheid is mogelijk niet onderbouwd met menselijke data.
A51: Vitamin | B51: VITAMIN | C51: Vitamine C vorm gespecificeerd en relevant voor beoogde toepassing (ascorbinezuur vs ascorbaat vs liposomaal). | D51: 5 | E51: N | F51: label/spec | H51: 0 | J51: v2: nieuw criterium — vitamine C ontbrak in module | L51: Major | M51: Verified/Failed | N51: Quality fail | O51: Ascorbinezuur, natriumascorbaat en liposomale C hebben verschillende GI-tolerantie en biobeschikbaarheidsprofiel.
K52: =IF(AND($E51="Y",$G51=0,$H51=1),"CRITICAL FAIL",IF($G51=-1,"EVIDENCE MISSING",""))
A53: Mineral | B53: MINERAL | C53: Elementair mineraalgehalte expliciet vermeld per dosering (niet alleen zoutvorm). | D53: 8 | E53: Y | F53: label | H53: =IF($B52=$B$1,1,0) -> 1 | I53: =IF(ISBLANK($G52),0,$D52*$G52*$H52) -> 0 | K53: =IF(AND($E52="Y",$G52=0,$H52=1),"CRITICAL FAIL",IF($G52=-1,"EVIDENCE MISSING","")) | L53: Critical Integrity | M53: Verified/Failed | N53: Compliance fail | O53: Zonder elementair mineraalgehalte kan de consument de werkelijke dosering en effectiviteit niet beoordelen.
A54: Mineral | B54: MINERAL | C54: Chemische vorm expliciet gedeclareerd voor elk mineraal (bijv. bisglycinaat, citraat, malaat). | D54: 7 | E54: Y | F54: label | H54: =IF($B53=$B$1,1,0) -> 0 | I54: =IF(ISBLANK($G53),0,$D53*$G53*$H53) -> 0 | K54: =IF(AND($E53="Y",$G53=0,$H53=1),"CRITICAL FAIL",IF($G53=-1,"EVIDENCE MISSING","")) -> CRITICAL FAIL | L54: Critical Integrity | M54: Verified/Failed | N54: Compliance fail | O54: Onbekende mineraalvorm maakt biologische beschikbaarheid en opname onzeker.
A55: Mineral | B55: MINERAL | C55: Magnesium niet primair geformuleerd als oxide tenzij duidelijke rationale (bijv. laxerende toepassing). | D55: 8 | E55: Y | F55: label/spec | H55: =IF($B54=$B$1,1,0) -> 0 | I55: =IF(ISBLANK($G54),0,$D54*$G54*$H54) -> 0 | K55: =IF(AND($E54="Y",$G54=0,$H54=1),"CRITICAL FAIL",IF($G54=-1,"EVIDENCE MISSING","")) | L55: Major | M55: Verified/Failed | N55: Quality fail | O55: Magnesiumoxide kan een lage biologische beschikbaarheid hebben waardoor het verwachte effect vermindert.
A56: Mineral | B56: MINERAL | C56: Inferieure anorganische vormen vermeden als hoofdvorm (bijv. zinksulfaat, calciumcarbonaat zonder rationale). | D56: 8 | E56: Y | F56: label/spec | H56: =IF($B55=$B$1,1,0) -> 0 | I56: =IF(ISBLANK($G55),0,$D55*$G55*$H55) -> 0 | K56: =IF(AND($E55="Y",$G55=0,$H55=1),"CRITICAL FAIL",IF($G55=-1,"EVIDENCE MISSING","")) | L56: Major | M56: Verified/Failed | N56: Quality fail | O56: Inferieure anorganische mineraalvormen kunnen lagere opname of meer gastro-intestinale bijwerkingen geven.
A57: Mineral | B57: MINERAL | C57: Chelaat-authenticiteit aantoonbaar indien geclaimd (bijv. TRAACS of equivalent bewijs). | D57: 6 | E57: N | F57: spec/certification | H57: =IF($B56=$B$1,1,0) -> 0 | I57: =IF(ISBLANK($G56),0,$D56*$G56*$H56) -> 0 | K57: =IF(AND($E56="Y",$G56=0,$H56=1),"CRITICAL FAIL",IF($G56=-1,"EVIDENCE MISSING","")) | L57: Major | M57: Verified/Missing | N57: Claim fail | O57: Gedeclareerde chelaatvorm kan niet worden geverifieerd zonder bewijs van authenticiteit.
A58: Mineral | B58: MINERAL | C58: Interactie-logica geborgd (bijv. zink/koper verhouding; geen hoog zink zonder koper). | D58: 7 | E58: Y | F58: label/spec | H58: =IF($B57=$B$1,1,0) -> 0 | I58: =IF(ISBLANK($G57),0,$D57*$G57*$H57) -> 0 | K58: =IF(AND($E57="Y",$G57=0,$H57=1),"CRITICAL FAIL",IF($G57=-1,"EVIDENCE MISSING","")) | L58: Critical Safety | M58: Verified/Failed | N58: Safety fail | O58: Onjuiste mineralenverhoudingen kunnen opname verstoren of tekorten van andere mineralen veroorzaken.
A59: Mineral | B59: MINERAL | C59: Antagonistische mineralencombinaties rationeel geformuleerd (bijv. Ca/Fe/Zn interacties in multimineraal). | D59: 5 | E59: N | F59: spec/formulation | H59: =IF($B58=$B$1,1,0) -> 0 | I59: =IF(ISBLANK($G58),0,$D58*$G58*$H58) -> 0 | K59: =IF(AND($E58="Y",$G58=0,$H58=1),"CRITICAL FAIL",IF($G58=-1,"EVIDENCE MISSING","")) | L59: Major | M59: Verified/Failed | N59: Quality fail | O59: Antagonistische mineralencombinaties kunnen opname en effectiviteit van individuele mineralen verminderen.
A60: Mineral | B60: MINERAL | C60: IJzer alleen toegepast met duidelijke doelgroepcontext of indicatie. | D60: 8 | E60: Y | F60: label | H60: =IF($B59=$B$1,1,0) -> 0 | I60: =IF(ISBLANK($G59),0,$D59*$G59*$H59) -> 0 | K60: =IF(AND($E59="Y",$G59=0,$H59=1),"CRITICAL FAIL",IF($G59=-1,"EVIDENCE MISSING","")) | L60: Critical Safety | M60: Verified/Failed | N60: Safety fail | O60: IJzer zonder duidelijke indicatie kan onnodige inname en mogelijke gezondheidsrisico’s veroorzaken.
A61: Mineral | B61: MINERAL | C61: IJzervorm passend voor GI-tolerantie en biobeschikbaarheid (bijv. bisglycinaat i.p.v. sulfaat). | D61: 6 | E61: N | F61: label/spec | H61: =IF($B60=$B$1,1,0) -> 0 | I61: =IF(ISBLANK($G60),0,$D60*$G60*$H60) -> 0 | K61: =IF(AND($E60="Y",$G60=0,$H60=1),"CRITICAL FAIL",IF($G60=-1,"EVIDENCE MISSING","")) | L61: Major | M61: Verified/Failed | N61: Quality fail | O61: Ongeschikte ijzervorm kan gastro-intestinale klachten veroorzaken en minder goed worden opgenomen.
A62: Mineral | B62: MINERAL | C62: Jodiumdosering alleen hoog indien duidelijke schildkliercontext en waarschuwing aanwezig. | D62: 8 | E62: Y | F62: label | H62: =IF($B61=$B$1,1,0) -> 0 | I62: =IF(ISBLANK($G61),0,$D61*$G61*$H61) -> 0 | K62: =IF(AND($E61="Y",$G61=0,$H61=1),"CRITICAL FAIL",IF($G61=-1,"EVIDENCE MISSING","")) | L62: Critical Safety | M62: Verified/Failed | N62: Safety fail | O62: Hoge jodiuminname zonder context kan risico geven op verstoring van de schildklierfunctie.
A63: Mineral | B63: MINERAL | C63: Seleniumvorm expliciet gedeclareerd (bijv. selenomethionine vs natriumseleniet). | D63: 5 | E63: N | F63: label | H63: =IF($B62=$B$1,1,0) -> 0 | I63: =IF(ISBLANK($G62),0,$D62*$G62*$H62) -> 0 | K63: =IF(AND($E62="Y",$G62=0,$H62=1),"CRITICAL FAIL",IF($G62=-1,"EVIDENCE MISSING","")) | L63: Major | M63: Verified/Failed | N63: Quality fail | O63: Onbekende seleniumvorm maakt biologische beschikbaarheid en effectiviteit onzeker.
A64: Mineral | B64: MINERAL | C64: Natriumbelasting transparant indien relevant (bijv. elektrolytformules). | D64: 4 | E64: N | F64: label | H64: =IF($B63=$B$1,1,0) -> 0 | I64: =IF(ISBLANK($G63),0,$D63*$G63*$H63) -> 0 | K64: =IF(AND($E63="Y",$G63=0,$H63=1),"CRITICAL FAIL",IF($G63=-1,"EVIDENCE MISSING","")) | L64: Minor | M64: Verified/Failed | N64: Quality fail | O64: Niet-transparante natriumbelasting kan ongewenste inname van natrium veroorzaken.
A65: Mineral | B65: MINERAL | C65: Doseringen binnen veilige langdurige grenzen of duidelijke doelgroepcontext. | D65: 9 | E65: Y | F65: label/literature | H65: =IF($B64=$B$1,1,0) -> 0 | I65: =IF(ISBLANK($G64),0,$D64*$G64*$H64) -> 0 | K65: =IF(AND($E64="Y",$G64=0,$H64=1),"CRITICAL FAIL",IF($G64=-1,"EVIDENCE MISSING","")) | L65: Critical Safety | M65: Verified/Failed | N65: Safety fail | O65: Doseringen buiten veilige langdurige grenzen kunnen gezondheidsrisico’s veroorzaken bij langdurig gebruik.
K66: =IF(AND($E65="Y",$G65=0,$H65=1),"CRITICAL FAIL",IF($G65=-1,"EVIDENCE MISSING",""))
A67: AminoAcid | B67: AMINO | C67: Vrije aminozuurvorm of equivalente actieve vorm expliciet gedeclareerd (bijv. L-citrulline, citrulline malaat 2:1, L-carnitine tartraat). | D67: 8 | E67: Y | F67: label | H67: =IF($B66=$B$1,1,0) -> 1 | I67: =IF(ISBLANK($G66),0,$D66*$G66*$H66) -> 0 | K67: =IF(AND($E66="Y",$G66=0,$H66=1),"CRITICAL FAIL",IF($G66=-1,"EVIDENCE MISSING","")) | L67: Critical Integrity | M67: Verified/Failed | N67: Compliance fail | O67: Consument kan niet zien welke exacte aminozuurvorm aanwezig is; effectiviteit en dosering zijn daardoor moeilijk te beoordelen.
A68: AminoAcid | B68: AMINO | C68: L-vorm gebruikt waar biologisch relevant; geen racemisch mengsel zonder duidelijke rationale. | D68: 7 | E68: Y | F68: label/spec | H68: =IF($B67=$B$1,1,0) -> 0 | I68: =IF(ISBLANK($G67),0,$D67*$G67*$H67) -> 0 | K68: =IF(AND($E67="Y",$G67=0,$H67=1),"CRITICAL FAIL",IF($G67=-1,"EVIDENCE MISSING","")) -> CRITICAL FAIL | L68: Critical Integrity | M68: Verified/Failed | N68: Quality fail | O68: Racemische mengsels kunnen minder biologisch actief zijn en leiden tot lagere effectiviteit.
A69: AminoAcid | B69: AMINO | C69: Zout- of gebonden vorm transparant gespecificeerd, inclusief ratio of equivalent actieve fractie waar relevant. | D69: 7 | E69: Y | F69: label/spec | H69: =IF($B68=$B$1,1,0) -> 0 | I69: =IF(ISBLANK($G68),0,$D68*$G68*$H68) -> 0 | K69: =IF(AND($E68="Y",$G68=0,$H68=1),"CRITICAL FAIL",IF($G68=-1,"EVIDENCE MISSING","")) | L69: Critical Integrity | M69: Verified/Failed | N69: Compliance fail | O69: Onbekende zout- of gebonden vorm maakt de werkelijke hoeveelheid actieve aminozuur onduidelijk.
A70: AminoAcid | B70: AMINO | C70: Creatine is monohydraat als standaard, tenzij alternatieve vorm aantoonbaar beter onderbouwd is. | D70: 8 | E70: Y | F70: label/literature | H70: =IF($B69=$B$1,1,0) -> 0 | I70: =IF(ISBLANK($G69),0,$D69*$G69*$H69) -> 0 | K70: =IF(AND($E69="Y",$G69=0,$H69=1),"CRITICAL FAIL",IF($G69=-1,"EVIDENCE MISSING","")) | L70: Critical Integrity | M70: Verified/Failed | N70: Claim fail | O70: Alternatieve creatinevorm kan minder goed onderzocht of minder effectief zijn dan creatine monohydraat.
A71: AminoAcid | B71: AMINO | C71: Creatinecontaminanten of relevante syntheseresten aantoonbaar gecontroleerd waar relevant. | D71: 7 | E71: N | F71: COA/spec | H71: =IF($B70=$B$1,1,0) -> 0 | I71: =IF(ISBLANK($G70),0,$D70*$G70*$H70) -> 0 | K71: =IF(AND($E70="Y",$G70=0,$H70=1),"CRITICAL FAIL",IF($G70=-1,"EVIDENCE MISSING","")) | L71: Critical Safety | M71: Verified/Missing | N71: Safety fail | O71: Mogelijke aanwezigheid van contaminanten of syntheseresten uit productieproces.
A72: AminoAcid | B72: AMINO | C72: Dosering per dag is klinisch relevant voor de geclaimde werking. | D72: 8 | E72: Y | F72: label/literature | H72: =IF($B71=$B$1,1,0) -> 0 | I72: =IF(ISBLANK($G71),0,$D71*$G71*$H71) -> 0 | K72: =IF(AND($E71="Y",$G71=0,$H71=1),"CRITICAL FAIL",IF($G71=-1,"EVIDENCE MISSING","")) | L72: Critical Integrity | M72: Verified/Failed | N72: Quality fail | O72: Onvoldoende dosering kan leiden tot afwezig of beperkt effect ondanks geclaimde werking.
A73: AminoAcid | B73: AMINO | C73: Ratio’s in aminozuurcombinaties rationeel en transparant geformuleerd (bijv. EAA/BCAA/citrulline blends). | D73: 6 | E73: N | F73: label/spec | H73: =IF($B72=$B$1,1,0) -> 0 | I73: =IF(ISBLANK($G72),0,$D72*$G72*$H72) -> 0 | K73: =IF(AND($E72="Y",$G72=0,$H72=1),"CRITICAL FAIL",IF($G72=-1,"EVIDENCE MISSING","")) | L73: Major | M73: Verified/Failed | N73: Quality fail | O73: Onlogische aminozuurverhoudingen kunnen effectiviteit van de formule verminderen.
A74: AminoAcid | B74: AMINO | C74: Fermentatie- of productiebron transparant waar relevant (bijv. fermentatie, synthetisch, vegan oorsprong). | D74: 4 | E74: N | F74: spec | H74: =IF($B73=$B$1,1,0) -> 0 | I74: =IF(ISBLANK($G73),0,$D73*$G73*$H73) -> 0 | K74: =IF(AND($E73="Y",$G73=0,$H73=1),"CRITICAL FAIL",IF($G73=-1,"EVIDENCE MISSING","")) | L74: Major | M74: Verified/Missing | N74: Data gap | O74: Onbekende productiebron belemmert beoordeling van kwaliteit, duurzaamheid of allergenen.
A75: AminoAcid | B75: AMINO | C75: Oplosmiddelresiduen of relevante productieresten binnen veilige limieten waar van toepassing. | D75: 6 | E75: N | F75: COA/spec | H75: =IF($B74=$B$1,1,0) -> 0 | I75: =IF(ISBLANK($G74),0,$D74*$G74*$H74) -> 0 | K75: =IF(AND($E74="Y",$G74=0,$H74=1),"CRITICAL FAIL",IF($G74=-1,"EVIDENCE MISSING","")) | L75: Critical Safety | M75: Verified/Missing | N75: Safety fail | O75: Mogelijke aanwezigheid van oplosmiddelresiduen of productieresten.
A76: AminoAcid | B76: AMINO | C76: Dopinggevoelige of stimulant-achtige verontreiniging uitgesloten indien sportgericht gepositioneerd. | D76: 7 | E76: Y | F76: COA/certification | H76: =IF($B75=$B$1,1,0) -> 0 | I76: =IF(ISBLANK($G75),0,$D75*$G75*$H75) -> 0 | K76: =IF(AND($E75="Y",$G75=0,$H75=1),"CRITICAL FAIL",IF($G75=-1,"EVIDENCE MISSING","")) | L76: Minor | M76: Verified/Missing | N76: Safety fail | O76: Mogelijk risico op dopingrelevante contaminanten bij sportgebruik.
K77: =IF(AND($E76="Y",$G76=0,$H76=1),"CRITICAL FAIL",IF($G76=-1,"EVIDENCE MISSING",""))
A78: Protein | B78: PROTEIN | C78: Eiwitbron en type expliciet gedeclareerd (bijv. whey isolate, caseïne, ei-eiwit, collageen, erwt). | D78: 8 | E78: Y | F78: label | H78: =IF($B77=$B$1,1,0) -> 1 | I78: =IF(ISBLANK($G77),0,$D77*$G77*$H77) -> 0 | K78: =IF(AND($E77="Y",$G77=0,$H77=1),"CRITICAL FAIL",IF($G77=-1,"EVIDENCE MISSING","")) | L78: Critical Integrity | M78: Verified/Failed | N78: Compliance fail | O78: Consument kan niet beoordelen welke eiwitbron of eiwittype wordt gebruikt en of dit past bij het beoogde gebruik.
A79: Protein | B79: PROTEIN | C79: Volledig aminozuurprofiel analytisch bevestigd waar relevant. | D79: 8 | E79: Y | F79: COA/spec | H79: =IF($B78=$B$1,1,0) -> 0 | I79: =IF(ISBLANK($G78),0,$D78*$G78*$H78) -> 0 | K79: =IF(AND($E78="Y",$G78=0,$H78=1),"CRITICAL FAIL",IF($G78=-1,"EVIDENCE MISSING","")) -> CRITICAL FAIL | L79: Critical Integrity | M79: Verified/Missing | N79: Quality fail | O79: Zonder bevestigd aminozuurprofiel is de voedingswaarde en volledigheid van het eiwit onzeker.
A80: Protein | B80: PROTEIN | C80: Geen amino spiking; eiwitgehalte bevestigd via aminozuuranalyse. | D80: 9 | E80: Y | F80: COA/spec | H80: =IF($B79=$B$1,1,0) -> 0 | I80: =IF(ISBLANK($G79),0,$D79*$G79*$H79) -> 0 | K80: =IF(AND($E79="Y",$G79=0,$H79=1),"CRITICAL FAIL",IF($G79=-1,"EVIDENCE MISSING","")) | L80: Critical Integrity | M80: Verified/Missing | N80: Compliance fail | O80: Risico op amino spiking waardoor het werkelijke eiwitgehalte lager kan zijn dan geclaimd.
A81: Protein | B81: PROTEIN | C81: Contaminanten (zware metalen en microbiologie) batch-specifiek getest. | D81: 9 | E81: Y | F81: COA | H81: =IF($B80=$B$1,1,0) -> 0 | I81: =IF(ISBLANK($G80),0,$D80*$G80*$H80) -> 0 | K81: =IF(AND($E80="Y",$G80=0,$H80=1),"CRITICAL FAIL",IF($G80=-1,"EVIDENCE MISSING","")) | L81: Critical Safety | M81: Verified/Missing | N81: Safety fail | O81: Mogelijke aanwezigheid van zware metalen of microbiologische contaminanten.
A82: Protein | B82: PROTEIN | C82: Eiwitkwaliteit of verteerbaarheid onderbouwd waar relevant (bijv. DIAAS/PDCAAS of equivalent). | D82: 6 | E82: N | F82: literature/spec | H82: =IF($B81=$B$1,1,0) -> 0 | I82: =IF(ISBLANK($G81),0,$D81*$G81*$H81) -> 0 | K82: =IF(AND($E81="Y",$G81=0,$H81=1),"CRITICAL FAIL",IF($G81=-1,"EVIDENCE MISSING","")) | L82: Major | M82: Verified/Failed | N82: Claim fail | O82: Eiwitkwaliteit of verteerbaarheid mogelijk niet onderbouwd ondanks impliciete kwaliteitsclaim.
A83: Protein | B83: PROTEIN | C83: Verwerkingsmethode transparant (bijv. microfiltratie, enzymatische hydrolyse). | D83: 5 | E83: N | F83: spec | H83: =IF($B82=$B$1,1,0) -> 0 | I83: =IF(ISBLANK($G82),0,$D82*$G82*$H82) -> 0 | K83: =IF(AND($E82="Y",$G82=0,$H82=1),"CRITICAL FAIL",IF($G82=-1,"EVIDENCE MISSING","")) | L83: Major | M83: Verified/Missing | N83: Data gap | O83: Onbekende verwerkingsmethode maakt beoordeling van eiwitkwaliteit en denaturatie moeilijk.
A84: Protein | B84: PROTEIN | C84: Lactosegehalte gespecificeerd bij whey-producten waar relevant. | D84: 5 | E84: N | F84: label/spec | H84: =IF($B83=$B$1,1,0) -> 0 | I84: =IF(ISBLANK($G83),0,$D83*$G83*$H83) -> 0 | K84: =IF(AND($E83="Y",$G83=0,$H83=1),"CRITICAL FAIL",IF($G83=-1,"EVIDENCE MISSING","")) | L84: Minor | M84: Verified/Failed | N84: Compliance fail | O84: Onbekend lactosegehalte kan problematisch zijn voor lactose-intolerante consumenten.
A85: Protein | B85: PROTEIN | C85: Heavy metals extra gecontroleerd bij plantaardige eiwitbronnen (bijv. rijst/erwt). | D85: 7 | E85: Y | F85: COA | H85: =IF($B84=$B$1,1,0) -> 0 | I85: =IF(ISBLANK($G84),0,$D84*$G84*$H84) -> 0 | K85: =IF(AND($E84="Y",$G84=0,$H84=1),"CRITICAL FAIL",IF($G84=-1,"EVIDENCE MISSING","")) | L85: Critical Safety | M85: Verified/Missing | N85: Safety fail | O85: Plantaardige eiwitbronnen kunnen verhoogd risico op zware metalen hebben zonder extra controle.
A86: Protein | B86: PROTEIN | C86: Bioactieve peptiden of actieve fractie aantoonbaar gestandaardiseerd indien geclaimd (bijv. IgG, lactoferrine). | D86: 6 | E86: N | F86: spec/COA | H86: =IF($B85=$B$1,1,0) -> 0 | I86: =IF(ISBLANK($G85),0,$D85*$G85*$H85) -> 0 | K86: =IF(AND($E85="Y",$G85=0,$H85=1),"CRITICAL FAIL",IF($G85=-1,"EVIDENCE MISSING","")) | L86: Major | M86: Verified/Missing | N86: Claim fail | O86: Geclaimde bioactieve fracties of peptiden mogelijk niet aantoonbaar gestandaardiseerd.
A87: Protein | B87: PROTEIN | C87: Oorsprong van eiwitbron transparant waar relevant (bijv. grass-fed, plantaardige bron). | D87: 4 | E87: N | F87: label/spec | H87: =IF($B86=$B$1,1,0) -> 0 | I87: =IF(ISBLANK($G86),0,$D86*$G86*$H86) -> 0 | K87: =IF(AND($E86="Y",$G86=0,$H86=1),"CRITICAL FAIL",IF($G86=-1,"EVIDENCE MISSING","")) | L87: Minor | M87: Verified/Failed | N87: Data gap | O87: Herkomst van eiwitbron niet transparant waardoor kwaliteit of productiemethode moeilijk te beoordelen is.
K88: =IF(AND($E87="Y",$G87=0,$H87=1),"CRITICAL FAIL",IF($G87=-1,"EVIDENCE MISSING",""))
A89: Polyphenol | B89: POLYPHENOL | C89: Actieve polyfenol of fytonutriënt exact gespecificeerd (bijv. curcuminoïden, EGCG, resveratrol). | D89: 8 | E89: Y | F89: label | H89: =IF($B88=$B$1,1,0) -> 1 | I89: =IF(ISBLANK($G88),0,$D88*$G88*$H88) -> 0 | K89: =IF(AND($E88="Y",$G88=0,$H88=1),"CRITICAL FAIL",IF($G88=-1,"EVIDENCE MISSING","")) | L89: Critical Integrity | M89: Verified/Failed | N89: Compliance fail | O89: Consument kan niet zien welke specifieke polyfenol of fytonutriënt aanwezig is en in welke vorm.
A90: Polyphenol | B90: POLYPHENOL | C90: Chemische vorm of relevante subfractie gespecificeerd waar relevant (bijv. trans-resveratrol, EGCG %). | D90: 7 | E90: Y | F90: label/spec | H90: =IF($B89=$B$1,1,0) -> 0 | I90: =IF(ISBLANK($G89),0,$D89*$G89*$H89) -> 0 | K90: =IF(AND($E89="Y",$G89=0,$H89=1),"CRITICAL FAIL",IF($G89=-1,"EVIDENCE MISSING","")) -> CRITICAL FAIL | L90: Critical Integrity | M90: Verified/Failed | N90: Quality fail | O90: Onbekende chemische vorm kan leiden tot lagere biologische beschikbaarheid of andere werkzaamheid.
A91: Polyphenol | B91: POLYPHENOL | C91: Actieve fractie of standaardisatie (%) duidelijk vermeld voor extracten. | D91: 8 | E91: Y | F91: label/spec/COA | H91: =IF($B90=$B$1,1,0) -> 0 | I91: =IF(ISBLANK($G90),0,$D90*$G90*$H90) -> 0 | K91: =IF(AND($E90="Y",$G90=0,$H90=1),"CRITICAL FAIL",IF($G90=-1,"EVIDENCE MISSING","")) | L91: Critical Integrity | M91: Verified/Failed | N91: Compliance fail | O91: Zonder standaardisatie is de hoeveelheid actieve stof niet betrouwbaar te beoordelen.
A92: Polyphenol | B92: POLYPHENOL | C92: Adulteratie of synthetische toevoeging van markerstoffen uitgesloten via analytische verificatie. | D92: 9 | E92: Y | F92: COA/spec | H92: =IF($B91=$B$1,1,0) -> 0 | I92: =IF(ISBLANK($G91),0,$D91*$G91*$H91) -> 0 | K92: =IF(AND($E91="Y",$G91=0,$H91=1),"CRITICAL FAIL",IF($G91=-1,"EVIDENCE MISSING","")) | L92: Critical Integrity | M92: Verified/Missing | N92: Safety fail | O92: Risico op vervalsing of synthetische toevoeging van markerstoffen om extractsterkte te manipuleren.
A93: Polyphenol | B93: POLYPHENOL | C93: Pesticiden/herbiciden getest waar plantaardige bron relevant is. | D93: 7 | E93: Y | F93: COA | H93: =IF($B92=$B$1,1,0) -> 0 | I93: =IF(ISBLANK($G92),0,$D92*$G92*$H92) -> 0 | K93: =IF(AND($E92="Y",$G92=0,$H92=1),"CRITICAL FAIL",IF($G92=-1,"EVIDENCE MISSING","")) | L93: Critical Safety | M93: Verified/Missing | N93: Safety fail | O93: Mogelijke blootstelling aan pesticiden of herbiciden uit plantaardige teelt.
A94: Polyphenol | B94: POLYPHENOL | C94: Zware metalen getest bij geconcentreerde extracten. | D94: 8 | E94: Y | F94: COA | H94: =IF($B93=$B$1,1,0) -> 0 | I94: =IF(ISBLANK($G93),0,$D93*$G93*$H93) -> 0 | K94: =IF(AND($E93="Y",$G93=0,$H93=1),"CRITICAL FAIL",IF($G93=-1,"EVIDENCE MISSING","")) | L94: Critical Safety | M94: Verified/Missing | N94: Safety fail | O94: Mogelijke aanwezigheid van zware metalen in geconcentreerde botanische extracten.
A95: Polyphenol | B95: POLYPHENOL | C95: Oplosmiddelresiduen binnen ICH Q3C limieten. | D95: 8 | E95: Y | F95: COA | H95: =IF($B94=$B$1,1,0) -> 0 | I95: =IF(ISBLANK($G94),0,$D94*$G94*$H94) -> 0 | K95: =IF(AND($E94="Y",$G94=0,$H94=1),"CRITICAL FAIL",IF($G94=-1,"EVIDENCE MISSING","")) | L95: Critical Safety | M95: Verified/Missing | N95: Safety fail | O95: Mogelijke aanwezigheid van oplosmiddelresiduen uit extractieproces.
A96: Polyphenol | B96: POLYPHENOL | C96: Potentie gegarandeerd tot einde THT (niet alleen “at manufacture”). | D96: 7 | E96: Y | F96: stability/spec | H96: =IF($B95=$B$1,1,0) -> 0 | I96: =IF(ISBLANK($G95),0,$D95*$G95*$H95) -> 0 | K96: =IF(AND($E95="Y",$G95=0,$H95=1),"CRITICAL FAIL",IF($G95=-1,"EVIDENCE MISSING","")) | L96: Critical Integrity | M96: Verified/Missing | N96: Quality fail | O96: Actieve stoffen kunnen vóór einde THT degraderen waardoor effectiviteit vermindert.
A97: Polyphenol | B97: POLYPHENOL | C97: Biobeschikbaarheidsclaims onderbouwd met relevante data indien geclaimd. | D97: 6 | E97: N | F97: literature/testdata | H97: =IF($B96=$B$1,1,0) -> 0 | I97: =IF(ISBLANK($G96),0,$D96*$G96*$H96) -> 0 | K97: =IF(AND($E96="Y",$G96=0,$H96=1),"CRITICAL FAIL",IF($G96=-1,"EVIDENCE MISSING","")) | L97: Major | M97: Verified/Missing | N97: Claim fail | O97: Geclaimde verbeterde biobeschikbaarheid mogelijk niet onderbouwd met relevante data.
A98: Polyphenol | B98: POLYPHENOL | C98: Absorptiecofactoren of synergiecomponenten rationeel toegepast indien aanwezig (bijv. piperine, fosfolipiden). | D98: 5 | E98: N | F98: spec/formulation | H98: =IF($B97=$B$1,1,0) -> 0 | I98: =IF(ISBLANK($G97),0,$D97*$G97*$H97) -> 0 | K98: =IF(AND($E97="Y",$G97=0,$H97=1),"CRITICAL FAIL",IF($G97=-1,"EVIDENCE MISSING","")) | L98: Major | M98: Verified/Failed | N98: Quality fail | O98: Ontbreken van synergie- of absorptiecomponenten kan effectiviteit van polyfenolen beperken.
K99: =IF(AND($E98="Y",$G98=0,$H98=1),"CRITICAL FAIL",IF($G98=-1,"EVIDENCE MISSING",""))
A100: Enzyme | B100: ENZYME | C100: Enzymactiviteit vermeld in erkende activiteitseenheden (bijv. FCC, FIP, GDU, HUT) per dosering. | D100: 9 | E100: Y | F100: label/spec | H100: =IF($B99=$B$1,1,0) -> 1 | I100: =IF(ISBLANK($G99),0,$D99*$G99*$H99) -> 0 | K100: =IF(AND($E99="Y",$G99=0,$H99=1),"CRITICAL FAIL",IF($G99=-1,"EVIDENCE MISSING","")) | L100: Critical Integrity | M100: Verified/Failed | N100: Compliance fail | O100: Consument kan niet beoordelen hoeveel enzymactiviteit werkelijk aanwezig is zonder gestandaardiseerde eenheden.
A101: Enzyme | B101: ENZYME | C101: Enzymtype en substraatspecificiteit transparant gedeclareerd (bijv. protease, amylase, lipase, lactase). | D101: 7 | E101: Y | F101: label/spec | H101: =IF($B100=$B$1,1,0) -> 0 | I101: =IF(ISBLANK($G100),0,$D100*$G100*$H100) -> 0 | K101: =IF(AND($E100="Y",$G100=0,$H100=1),"CRITICAL FAIL",IF($G100=-1,"EVIDENCE MISSING","")) -> CRITICAL FAIL | L101: Critical Integrity | M101: Verified/Failed | N101: Compliance fail | O101: Onbekend enzymtype of substraat maakt werking en doel van het enzymproduct onduidelijk.
A102: Enzyme | B102: ENZYME | C102: pH-optimum van enzym relevant voor beoogde werking (maag of darm). | D102: 7 | E102: Y | F102: spec/literature | H102: =IF($B101=$B$1,1,0) -> 0 | I102: =IF(ISBLANK($G101),0,$D101*$G101*$H101) -> 0 | K102: =IF(AND($E101="Y",$G101=0,$H101=1),"CRITICAL FAIL",IF($G101=-1,"EVIDENCE MISSING","")) | L102: Major | M102: Verified/Missing | N102: Quality fail | O102: Onbekend pH-optimum kan leiden tot lage effectiviteit als enzym niet actief is in maag of darmomgeving.
A103: Enzyme | B103: ENZYME | C103: Maagzuurstabiliteit of enterische bescherming aangetoond indien intestinale werking wordt geclaimd. | D103: 8 | E103: Y | F103: spec/testdata | H103: =IF($B102=$B$1,1,0) -> 0 | I103: =IF(ISBLANK($G102),0,$D102*$G102*$H102) -> 0 | K103: =IF(AND($E102="Y",$G102=0,$H102=1),"CRITICAL FAIL",IF($G102=-1,"EVIDENCE MISSING","")) | L103: Critical Safety | M103: Verified/Missing | N103: Safety fail | O103: Enzym kan inactief worden in de maag waardoor geclaimde intestinale werking niet optreedt.
...

Sheet Context_Flag_Rules
A1: FUNCIFY — Context Flag Rules
A2: Elke regel definieert één logische conditie die automatisch een context_flag triggert op een product. De backend (Python/Node.js) loopt bij iedere product-review door deze tabel en evalueert alle actieve regels. Vlag wordt gezet wanneer aan de conditie voldaan is. Meerdere vlaggen worden samengevoegd als " | "-string.
A3: Developer note: deze tabel is de machine-readable mapping. In Airtable: tabel "CONTEXT_FLAG_RULES" met velden rule_id, ingredient_name, operator, threshold_value, threshold_unit, flag, flag_category, severity, intake_match_field, consumer_message_nl, applies_to_module, active. Backend evalueert: IF ingredient IN product AND dose operator threshold THEN set flag.
A4: rule_id | B4: ingredient_name | C4: operator | D4: threshold_value | E4: threshold_unit | F4: flag | G4: flag_category | H4: severity | I4: intake_match_field | J4: consumer_message_nl | K4: applies_to_module | L4: active
A5: ▸ 1 — NEUROTOXICITEIT
A6: CF001 | B6: Pyridoxine HCl; P-5-P; Vitamine B6 | C6: >= | D6: 25 | E6: mg/dag | F6: b6_risk | G6: Neurotoxiciteit | H6: Critical | I6: intake_meds_neurological; intake_supplements_b6 | J6: Dit product bevat een hoge B6-dosering. Langdurige inname boven 25 mg/dag kan bij sommige mensen perifere neuropathie veroorzaken. Gebruik niet structureel zonder begeleiding. | K6: VITAMIN; ALL | L6: Y
A7: CF002 | B7: Pyridoxine HCl; P-5-P; Vitamine B6 | C7: >= | D7: 50 | E7: mg/dag | F7: b6_high_dose | G7: Neurotoxiciteit | H7: Critical | I7: intake_meds_neurological; intake_supplements_b6 | J7: Dit product bevat een zeer hoge B6-dosering (≥50 mg/dag). Klinisch geassocieerd met sensorische neuropathie. Alleen bij specifieke therapeutische indicatie onder begeleiding. | K7: VITAMIN; ALL | L7: Y
A8: CF003 | B8: Retinol; Vitamine A (retinol); Retinoïden | C8: >= | D8: 3000 | E8: IU/dag | F8: high_dose_fat_soluble | G8: Neurotoxiciteit / Teratogeniciteit | H8: Critical | I8: intake_pregnancy; intake_liver_function | J8: Dit product bevat een hoge dosis vetoplosbare vitamine A (retinol). Accumulatie is mogelijk bij dagelijks gebruik. Niet aanbevolen tijdens zwangerschap. | K8: VITAMIN; ALL | L8: Y
A9: CF004 | B9: Retinol; Vitamine A (retinol) | C9: >= | D9: 10000 | E9: IU/dag | F9: pregnancy | G9: Teratogeniciteit | H9: Critical | I9: intake_pregnancy | J9: Hoge retinol-inname is geassocieerd met aangeboren afwijkingen. Dit product is niet geschikt tijdens zwangerschap. | K9: VITAMIN; ALL | L9: Y
A10: ▸ 2 — SCHILDKLIER
A11: CF005 | B11: Jodium; Kaliumjodide; Natriumjodide; Zeewier | C11: >= | D11: 150 | E11: mcg/dag | F11: thyroid_risk | G11: Schildklier | H11: Major | I11: intake_thyroid_condition; intake_meds_thyroid | J11: Dit product bevat jodium. Bij bestaande schildklierproblemen (Hashimoto, hyper- of hypothyreoïdie) kan extra jodium klachten verergeren. | K11: MINERAL; ALL | L11: Y
A12: CF006 | B12: Jodium; Kelp; Blaaswier; Fucus vesiculosus | C12: >= | D12: 500 | E12: mcg/dag | F12: iodine_risk | G12: Schildklier | H12: Critical | I12: intake_thyroid_condition; intake_meds_thyroid | J12: Zeer hoge jodium-inname. Boven 500 mcg/dag bestaat risico op jodium-geïnduceerde schildklierproblematiek, ook bij personen zonder voorgeschiedenis. | K12: MINERAL; BOTANICAL; ALL | L12: Y
A13: CF007 | B13: Ashwagandha; Withania somnifera | C13: any | D13: 0 | F13: thyroid_risk | G13: Schildklier | H13: Major | I13: intake_thyroid_condition; intake_meds_thyroid | J13: Ashwagandha kan de schildklierfunctie beïnvloeden. Bij bestaande schildklierproblematiek of medicatie: gebruik alleen onder begeleiding. | K13: BOTANICAL | L13: Y
A14: ▸ 3 — IJZER & MINERAALBALANS
A15: CF008 | B15: IJzer; Ferrum; FeSO4; Ferrousfumaraat; IJzerbisglycinaat | C15: any | D15: 0 | F15: iron_risk | G15: Mineraalbalans | H15: Major | I15: intake_iron_status; intake_gender; intake_meds_anticoag | J15: IJzersuppletie is alleen zinvol bij aangetoond tekort (ferritine laag). Overmatige ijzerinname is geassocieerd met oxidatieve stress. Niet aanbevolen zonder indicatie. | K15: MINERAL; ALL | L15: Y
A16: CF009 | B16: IJzer; Ferrum | C16: >= | D16: 45 | E16: mg/dag | F16: iron_high_dose | G16: Mineraalbalans | H16: Critical | I16: intake_iron_status; intake_pregnancy; intake_gender | J16: Hoge ijzerdosering. Boven 45 mg/dag (EFSA UL) verhoogd risico op gastro-intestinale bijwerkingen en ijzertoxiciteit. Alleen onder medische supervisie. | K16: MINERAL; ALL | L16: Y
A17: CF010 | B17: Zink; Zinkbisglycinaat; Zinkcitraat; Zinksulfaat | C17: >= | D17: 25 | E17: mg/dag | F17: zinc_copper_depletion | G17: Mineraalbalans | H17: Major | I17: intake_supplements_copper; intake_supplements_zinc | J17: Hoge zink-inname (≥25 mg/dag) kan koper verdringen. Langdurig gebruik zonder koper-suppletie kan leiden tot koperdepletie en bloedarmoede. | K17: MINERAL; ALL | L17: Y
A18: CF011 | B18: Zink; Zinkbisglycinaat | C18: >= | D18: 40 | E18: mg/dag | F18: ul_risk | G18: Mineraalbalans / UL | H18: Critical | I18: intake_supplements_zinc | J18: Zinkdosering nadert de EFSA veiligheidsgrens (40 mg/dag). Niet combineren met andere zinkbevattende supplementen of zinkrijke voeding. | K18: MINERAL; ALL | L18: Y
A19: CF012 | B19: Calcium; Calciumcarbonaat; Calciumcitraat | C19: >= | D19: 1200 | E19: mg/dag | F19: calcium_absorption_block | G19: Mineraalbalans | H19: Major | I19: intake_supplements_calcium; intake_supplements_iron; intake_supplements_zinc | J19: Hoge calcium-inname kan de opname van ijzer, zink en magnesium verminderen. Neem niet gelijktijdig in met andere mineralen. | K19: MINERAL; ALL | L19: Y
A20: CF013 | B20: Selenium; Natriumseleniet; Selenomethionine | C20: >= | D20: 200 | E20: mcg/dag | F20: selenium_risk | G20: Mineraalbalans / UL | H20: Major | I20: intake_supplements_selenium | J20: Selenium heeft een smal therapeutisch venster. Boven 200 mcg/dag nader aan de EFSA UL van 300 mcg. Chronische hoge inname geassocieerd met selenose. | K20: MINERAL; ALL | L20: Y
A21: ▸ 4 — BLOEDSTOLLING & MEDICATIE-INTERACTIES
A22: CF014 | B22: Vitamine K2; MK-7; Menaquinon; Vitamine K1; Phylloquinon | C22: any | D22: 0 | F22: anticoagulant | G22: Medicatie-interactie | H22: Critical | I22: intake_meds_anticoagulant; intake_meds_warfarin | J22: Vitamine K interfereert direct met Coumarines (Acenocoumarol, Warfarine). Bij gebruik van bloedverdunners: gebruik dit product NIET zonder overleg met arts. | K22: VITAMIN; ALL | L22: Y
A23: CF015 | B23: Omega-3 vetzuren; EPA; DHA; Visolie; Levertraan | C23: >= | D23: 3000 | E23: mg/dag | F23: anticoagulant | G23: Bloedstolling | H23: Major | I23: intake_meds_anticoagulant; intake_surgery_planned | J23: Hoge omega-3 dosering (≥3 g/dag) heeft mild bloedverdunnend effect. Bij gebruik van antistollingsmedicatie of geplande operatie: overleg met arts. | K23: OMEGA3; ALL | L23: Y
A24: CF016 | B24: Knoflookextract; Allium sativum; Ginkgo biloba; Ginkgo | C24: any | D24: 0 | F24: anticoagulant | G24: Bloedstolling | H24: Major | I24: intake_meds_anticoagulant | J24: Dit botanische ingrediënt heeft bloedverdunnende eigenschappen. Niet combineren met antistollingsmedicatie zonder medisch advies. | K24: BOTANICAL; ALL | L24: Y
A25: CF017 | B25: Sint-Janskruid; Hypericum perforatum | C25: any | D25: 0 | F25: drug_interaction_cyp3a4 | G25: Medicatie-interactie | H25: Critical | I25: intake_meds_any | J25: Sint-Janskruid is een sterke CYP3A4-inducer en verlaagt de werkzaamheid van veel medicijnen (anticonceptie, antidepressiva, bloedverdunners, HIV-medicatie). Niet combineren met medicijnen. | K25: BOTANICAL; ALL | L25: Y
A26: CF018 | B26: Curcumine; Curcuma longa; Kurkuma | C26: >= | D26: 500 | E26: mg/dag | F26: anticoagulant | G26: Bloedstolling / Medicatie | H26: Major | I26: intake_meds_anticoagulant; intake_gallbladder | J26: Hoge curcumine-dosering heeft anticoagulerend effect en kan de galblaasfunctie stimuleren. Bij galstenen of antistollingsmedicatie: gebruik voorzichtig. | K26: BOTANICAL; POLYPHENOL; ALL | L26: Y
A27: ▸ 5 — ZWANGERSCHAP & LACTATIE
A28: CF019 | B28: Retinol; Vitamine A | C28: >= | D28: 800 | E28: mcg/dag | F28: pregnancy | G28: Teratogeniciteit | H28: Critical | I28: intake_pregnancy; intake_lactation | J28: Vitamine A (retinol) boven aanbevolen zwangerschapsdosering. Hoog risico bij zwangerschap. | K28: VITAMIN; ALL | L28: Y
A29: CF020 | B29: Ashwagandha; Withania somnifera; Rhodiola; Rhodiola rosea | C29: any | D29: 0 | F29: pregnancy | G29: Zwangerschap / Adaptogenen | H29: Critical | I29: intake_pregnancy; intake_lactation | J29: Adaptogenen zijn onvoldoende onderzocht op veiligheid tijdens zwangerschap en borstvoeding. Gebruik wordt afgeraden. | K29: BOTANICAL; ALL | L29: Y
A30: CF021 | B30: Vitamine B6; Pyridoxine HCl | C30: >= | D30: 10 | E30: mg/dag | F30: pregnancy | G30: Zwangerschap | H30: Major | I30: intake_pregnancy | J30: B6 boven 10 mg/dag tijdens zwangerschap: afstemmen met arts. B6 is bij misselijkheid wel therapeutisch ingezet maar de dosering dient begeleid te worden. | K30: VITAMIN; ALL | L30: Y
A31: CF022 | B31: Foliumzuur; Folaat; 5-MTHF; Methylfolaat | C31: any | D31: 0 | F31: pregnancy_positive | G31: Zwangerschap / Positief | H31: Info | I31: intake_pregnancy; intake_pregnancy_planning | J31: Dit product bevat folaat — relevant bij zwangerschapswens en zwangerschap. Controleer of de dosering (minimaal 400 mcg/dag) voldoet aan de aanbevolen zwangerschapsdosering. | K31: VITAMIN; ALL | L31: Y
A32: CF023 | B32: Vitamine D3; Cholecalciferol | C32: >= | D32: 4000 | E32: IU/dag | F32: high_dose_fat_soluble | G32: Vetoplosbare vitaminen | H32: Major | I32: intake_pregnancy; intake_kidney_function | J32: Hoge vitamine D3 dosering. Bij zwangerschap of nierfunctiestoornissen: gebruik niet zonder medisch advies. Boven 4000 IU/dag nadert de EFSA veiligheidsgrens. | K32: VITAMIN; ALL | L32: Y
A33: ▸ 6 — NIER & LEVERFUNCTIE
A34: CF024 | B34: Vitamine C; Ascorbinezuur; Natriumascorbaat | C34: >= | D34: 1000 | E34: mg/dag | F34: kidney_risk | G34: Nierfunctie | H34: Major | I34: intake_kidney_function; intake_kidney_stones_history | J34: Hoge vitamine C dosering (≥1 g/dag) verhoogt de oxalaatexcretie via de nier. Bij nierstenen (calciumoxalaat) of verminderde nierfunctie: gebruik voorzichtig. | K34: VITAMIN; ALL | L34: Y
A35: CF025 | B35: Magnesium; Magnesiumbisglycinaat; Magnesiumoxide | C35: >= | D35: 350 | E35: mg/dag | F35: kidney_risk | G35: Nierfunctie | H35: Major | I35: intake_kidney_function | J35: Hoge magnesium-inname. Bij nierfunctiestoornissen kan magnesium niet adequaat uitgescheiden worden, wat leidt tot hypermagnesemie. | K35: MINERAL; ALL | L35: Y
A36: CF026 | B36: Creatine; Creatine monohydraat | C36: any | D36: 0 | F36: kidney_risk | G36: Nierfunctie | H36: Minor | I36: intake_kidney_function; intake_kidney_disease | J36: Creatinesuppletie verhoogt creatinine-waarden in het bloed, wat bloedtesten kan vertekenen. Bij verminderde nierfunctie: gebruik alleen na medisch overleg. | K36: AMINO; ALL | L36: Y
A37: CF027 | B37: Groene thee-extract; EGCG; Camellia sinensis | C37: >= | D37: 400 | E37: mg/dag | F37: liver_risk | G37: Leverfunctie | H37: Major | I37: intake_liver_function; intake_meds_hepatotoxic | J37: Geconcentreerde groene thee-extracten (≥400 mg EGCG/dag) zijn in zeldzame gevallen geassocieerd met leverschade (hepatotoxiciteit) bij nuchter gebruik. | K37: POLYPHENOL; BOTANICAL; ALL | L37: Y
A38: CF028 | B38: Niacine; Nicotinezuur; Vitamine B3 | C38: >= | D38: 500 | E38: mg/dag | F38: liver_risk | G38: Leverfunctie | H38: Major | I38: intake_liver_function; intake_diabetes | J38: Hoge niacine-dosering (≥500 mg/dag nicotinezuur) kan flush veroorzaken en bij langdurig gebruik lever-enzymstoringen geven. Nicotinamide heeft dit risico niet. | K38: VITAMIN; ALL | L38: Y
A39: ▸ 7 — SPORT & DOPING
A40: CF029 | B40: ANY | C40: sport_certified=N | D40: 0 | F40: sport_doping | G40: Sport / Doping | H40: Critical | I40: intake_sport_competitive; intake_sport_type | J40: Dit product heeft geen aantoonbare doping-certificering (bijv. Informed Sport, NZVT). Voor competitieve sporters bestaat risico op onbedoelde positieve dopingtest. | K40: SPORT; ALL | L40: Y
A41: CF030 | B41: Creatine; Creatine monohydraat | C41: any | D41: 0 | F41: sport_doping_check | G41: Sport / Doping | H41: Minor | I41: intake_sport_competitive | J41: Creatine is een toegestaan supplement voor sporters. Controleer altijd of het specifieke product een doping-keurmerk heeft (Creapure-kwaliteit aanbevolen). | K41: AMINO; SPORT; ALL | L41: Y
A42: CF031 | B42: Cafeïne; Cafeïne-anhydraat | C42: >= | D42: 200 | E42: mg/dag | F42: stimulant_risk | G42: Stimulantia | H42: Major | I42: intake_cardiovascular; intake_sleep_issues; intake_anxiety | J42: Hoge cafeïne-dosering. Bij hart- en vaataandoeningen, slaapproblemen of angstklachten: gebruik voorzichtig. Cafeïne staat op de WADA-observatielijst. | K42: ALL | L42: Y
A43: CF032 | B43: Beta-alanine | C43: >= | D43: 3200 | E43: mg/dag | F43: paresthesia_risk | G43: Bijwerking | H43: Minor | I43: intake_sport_type | J43: Beta-alanine kan paresthesie (tintelend gevoel) veroorzaken, met name bij hogere doseringen. Niet gevaarlijk maar kan als oncomfortabel worden ervaren. | K43: AMINO; ALL | L43: Y
A44: ▸ 8 — DIABETES & BLOEDSUIKERREGULATIE
A45: CF033 | B45: Berberine; Berberis vulgaris | C45: any | D45: 0 | F45: diabetes_meds | G45: Bloedsuiker / Medicatie | H45: Critical | I45: intake_meds_diabetes; intake_meds_metformin | J45: Berberine heeft een significant bloedsuikerverlagend effect vergelijkbaar met Metformine. Combinatie met diabetesmedicatie kan hypoglykemie veroorzaken. | K45: BOTANICAL; POLYPHENOL; ALL | L45: Y
A46: CF034 | B46: Chroom; Chroompicolinaat | C46: >= | D46: 200 | E46: mcg/dag | F46: diabetes_meds | G46: Bloedsuiker / Medicatie | H46: Major | I46: intake_meds_diabetes; intake_meds_insulin | J46: Chroom kan insulinegevoeligheid verbeteren. Bij gelijktijdig gebruik van insuline of orale diabetesmedicatie: risico op hypoglykemie. Medisch advies vereist. | K46: MINERAL; ALL | L46: Y
A47: CF035 | B47: Alfa-liponzuur; ALA; R-liponzuur | C47: >= | D47: 300 | E47: mg/dag | F47: diabetes_meds | G47: Bloedsuiker / Medicatie | H47: Major | I47: intake_meds_diabetes; intake_thyroid_condition | J47: Alfa-liponzuur verlaagt bloedsuiker en kan schildklierhormoon-metabolism beïnvloeden. Bij gebruik van diabetesmedicatie of schildkliermedicatie: controleer dosering. | K47: LIPID; ALL | L47: Y
A48: ▸ 9 — MTHFR & METHYLERING
A49: CF036 | B49: Foliumzuur; Pteroylglutaminezuur (synthetisch) | C49: any | D49: 0 | F49: mthfr | G49: Methylering | H49: Major | I49: intake_genetic_mthfr; intake_symptoms_homocysteine | J49: Synthetisch foliumzuur kan bij MTHFR-polymorfisme onvoldoende omgezet worden. Actief methylfolaat (5-MTHF) is de voorkeursvorm. Controleer uw MTHFR-status. | K49: VITAMIN; ALL | L49: Y
A50: CF037 | B50: Cyanocobalamine; Vitamine B12 (cyano) | C50: any | D50: 0 | F50: mthfr | G50: Methylering | H50: Minor | I50: intake_genetic_mthfr | J50: Cyanocobalamine vereist cyanide-detoxificatie voor omzetting naar actieve B12. Bij MTHFR-polymorfisme of verminderde methyleringskapaciteit: methylcobalamine aanbevolen. | K50: VITAMIN; ALL | L50: Y
A51: CF038 | B51: SAMe; S-Adenosyl-L-Methionine | C51: any | D51: 0 | F51: mthfr | G51: Methylering / Psychiatrie | H51: Major | I51: intake_meds_antidepressant; intake_bipolar | J51: SAMe is een methyldonor en kan serotoninespiegel verhogen. Bij gebruik van antidepressiva (SSRI, MAO-remmers) of bipolaire stoornis: niet zonder begeleiding gebruiken. | K51: ALL | L51: Y
A52: ▸ 10 — AUTO-IMMUUN & IMMUUNMODULATIE
A53: CF039 | B53: Echinacea; Echinacea purpurea; Echinacea angustifolia | C53: any | D53: 0 | F53: autoimmune_risk | G53: Auto-immuun / Immuunmodulatie | H53: Major | I53: intake_autoimmune_condition; intake_meds_immunosuppressant | J53: Echinacea stimuleert het immuunsysteem. Bij auto-immuunziekten (MS, lupus, reumatoïde artritis) of immunosuppressiva-gebruik: gebruik wordt afgeraden. | K53: BOTANICAL; ALL | L53: Y
A54: CF040 | B54: Astragalus; Astragalus membranaceus; Huang Qi | C54: any | D54: 0 | F54: autoimmune_risk | G54: Auto-immuun / Immuunmodulatie | H54: Major | I54: intake_autoimmune_condition; intake_meds_immunosuppressant | J54: Astragalus is een immuunstimulant. Bij auto-immuunziekten of immunosuppressiva-gebruik: vermijd dit supplement. | K54: BOTANICAL; ALL | L54: Y
A55: CF041 | B55: Vitamine D3; Cholecalciferol | C55: >= | D55: 2000 | E55: IU/dag | F55: autoimmune_risk | G55: Auto-immuun | H55: Info | I55: intake_autoimmune_condition | J55: Vitamine D speelt een rol bij immuunregulatie. Bij auto-immuunziekten kan hogere vitamine D-suppletie therapeutisch relevant zijn — bespreek dit met uw arts. | K55: VITAMIN; ALL | L55: Y
A56: ▸ 11 — HART & VATEN
A57: CF042 | B57: CoEnzym Q10; CoQ10; Ubiquinol; Ubiquinone | C57: any | D57: 0 | F57: statin_interaction | G57: Medicatie-interactie | H57: Major | I57: intake_meds_statins; intake_cardiovascular | J57: CoQ10-suppletie is relevant bij statinegebruik (statines verlagen endogene CoQ10-productie). Geen negatieve interactie — juist potentieel ondersteunend. | K57: LIPID; ALL | L57: Y
A58: CF043 | B58: Rode gistrijst; Monascus purpureus; Monacoline K | C58: any | D58: 0 | F58: statin_interaction | G58: Medicatie-interactie / HMG-CoA | H58: Critical | I58: intake_meds_statins; intake_liver_function | J58: Rode gistrijst bevat Monacoline K, een natuurlijk statine (identiek aan Lovastatine). Combinatie met statinetherapie geeft addief risico op myopathie en leverbelasting. | K58: BOTANICAL; ALL | L58: Y
A59: CF044 | B59: Magnesium; Magnesiumbisglycinaat | C59: any | D59: 0 | F59: cardiovascular_positive | G59: Hart & Vaten / Positief | H59: Info | I59: intake_cardiovascular; intake_hypertension | J59: Magnesium heeft een gunstige rol bij bloeddrukregulatie en hartritme. Relevant bij hypertensie of hartritmeproblematiek. | K59: MINERAL; ALL | L59: Y
A60: ▸ 12 — PSYCHE & SLAAP
A61: CF045 | B61: Melatonine | C61: >= | D61: 0.5 | E61: mg/dag | F61: melatonin_interaction | G61: Slaap / Medicatie | H61: Major | I61: intake_meds_antidepressant; intake_meds_benzodiazepine; intake_autoimmune_condition | J61: Melatonine kan interacteren met antidepressiva (fluoxetine, fluvoxamine verhogen melatoninespiegel) en benzodiazepinen. Bij auto-immuunziekten: gebruik voorzichtig. | K61: ALL | L61: Y
A62: CF046 | B62: 5-HTP; 5-Hydroxytryptofaan | C62: any | D62: 0 | F62: drug_interaction_serotonin | G62: Serotonine / Medicatie | H62: Critical | I62: intake_meds_antidepressant; intake_meds_mao | J62: 5-HTP verhoogt de serotoninesynthese. Combinatie met SSRI's, MAO-remmers of triptanen kan serotoninesyndroom veroorzaken. Niet combineren met antidepressiva. | K62: AMINO; ALL | L62: Y
A63: CF047 | B63: L-Tryptofaan | C63: >= | D63: 500 | E63: mg/dag | F63: drug_interaction_serotonin | G63: Serotonine / Medicatie | H63: Critical | I63: intake_meds_antidepressant; intake_meds_mao | J63: Hoge tryptofaan-dosering verhoogt serotonineproductie. Bij gebruik van SSRI's of MAO-remmers: risico op serotoninesyndroom. | K63: AMINO; ALL | L63: Y
A64: CF048 | B64: GABA; Gamma-aminoboterzuur | C64: any | D64: 0 | F64: cns_interaction | G64: Centraal zenuwstelsel | H64: Minor | I64: intake_meds_benzodiazepine; intake_meds_gabapentin | J64: GABA-supplementen kunnen het centrale zenuwstelsel beïnvloeden. Bij gebruik van benzodiazepinen of gabapentinoïden: gebruik voorzichtig. | K64: AMINO; ALL | L64: Y
A65: CF049 | B65: Valeriaan; Valeriana officinalis; Valerian | C65: any | D65: 0 | F65: cns_interaction | G65: Centraal zenuwstelsel | H65: Minor | I65: intake_meds_benzodiazepine; intake_meds_sedatives | J65: Valeriaan heeft milde sedatieve eigenschappen. Bij gelijktijdig gebruik van slaap- of kalmeringsmiddelen: additief effect mogelijk. | K65: BOTANICAL; ALL | L65: Y
A66: ▸ 13 — PROBIOTICA & MICROBIOOM
A67: CF050 | B67: Lactobacillus; Bifidobacterium; Saccharomyces | C67: any | D67: 0 | F67: immunocompromised_risk | G67: Immuun / Probiotica | H67: Critical | I67: intake_immunocompromised; intake_meds_immunosuppressant | J67: Levende bacteriën en gisten in probiotica kunnen bij ernstig immuungecompromitteerde personen (chemotherapie, HIV, transplantatie) systemische infecties veroorzaken. | K67: PROBIOTIC; ALL | L67: Y
A68: CF051 | B68: Saccharomyces cerevisiae; Saccharomyces boulardii | C68: any | D68: 0 | F68: antifungal_interaction | G68: Probiotica / Medicatie | H68: Major | I68: intake_meds_antifungal | J68: Saccharomyces is een gist. Bij gebruik van antifunginale middelen (fluconazol, itraconazol) worden gistprobiotica geïnactiveerd en is suppletie ineffectief. | K68: PROBIOTIC; ALL | L68: Y
A69: ▸ 14 — LEEFTIJDSPECIFIEKE CONTEXT
A70: CF052 | B70: ANY | C70: target_group=children | D70: 0 | F70: pediatric | G70: Leeftijd / Kinderen | H70: Critical | I70: intake_age; intake_age_child | J70: Dit product is niet specifiek geformuleerd of gedoseerd voor kinderen. Doseringen voor volwassenen zijn niet direct toepasbaar voor kinderen. | K70: ALL | L70: Y
A71: CF053 | B71: Vitamine D3; Cholecalciferol | C71: >= | D71: 1000 | E71: IU/dag | F71: pediatric | G71: Leeftijd / Kinderen | H71: Major | I71: intake_age_child | J71: Vitamine D dosering boven 1000 IU/dag voor kinderen: controleer of dit past bij de leeftijdsspecifieke behoefte. Aanbevolen dosering kinderen: 400-600 IU/dag. | K71: VITAMIN; ALL | L71: Y
A72: CF054 | B72: Vitamine K2; MK-7 | C72: any | D72: 0 | F72: elderly | G72: Senioren | H72: Info | I72: intake_age_senior; intake_cardiovascular | J72: Vitamine K2 is relevant voor botgezondheid en cardiovasculaire bescherming bij senioren. Controleer interactie met eventuele antistollingsmedicatie. | K72: VITAMIN; ALL | L72: Y
A73: ▸ 15 — VETOPLOSBARE VITAMINEN & STAPELING
A74: CF055 | B74: Vitamine E; d-alfa-tocoferol; dl-alfa-tocoferol | C74: >= | D74: 400 | E74: IU/dag | F74: high_dose_fat_soluble | G74: Vetoplosbaar / Stapeling | H74: Major | I74: intake_meds_anticoagulant; intake_supplements_vitamin_e | J74: Hoge vitamine E (≥400 IU/dag) heeft antistollend effect en kan bij combinatie met bloedverdunners het risico op bloedingen verhogen. | K74: VITAMIN; ALL | L74: Y
A75: CF056 | B75: Vitamine A; Retinol; Beta-caroteen (hoog) | C75: >= | D75: 5000 | E75: IU/dag | F75: high_dose_fat_soluble | G75: Vetoplosbaar / Stapeling / Roken | H75: Critical | I75: intake_smoking; intake_pregnancy | J75: Hoge beta-caroteen dosering bij rokers: geassocieerd met verhoogd longkankerrisico (CARET-studie). Hoge retinol bij zwangerschap: teratogeen risico. | K75: VITAMIN; ALL | L75: Y
A76: CF057 | B76: Vitamine D3 + Vitamine K2; Vitamine D3; Cholecalciferol | C76: >= | D76: 4000 | E76: IU/dag | F76: high_dose_fat_soluble | G76: Vetoplosbaar / Stapeling | H76: Major | I76: intake_supplements_vitamin_d; intake_kidney_function | J76: Zeer hoge vitamine D3 dosering. Vetoplosbare vitaminen stapelen bij langdurig hoge inname. Controleer serumspiegels bij gebruik boven 4000 IU/dag. | K76: VITAMIN; ALL | L76: Y
A77: ▸ 16 — SEIZOENSGEBONDEN CONTEXT
A78: CF058 | B78: Vitamine D3; Cholecalciferol | C78: < | D78: 1000 | E78: IU/dag | F78: seasonal_d3_underdose | G78: Seizoen / Vitamine D | H78: Info | I78: intake_season_winter; intake_location_nl; intake_skin_type_dark | J78: In de Nederlandse winter (oktober–april) is zonlicht onvoldoende voor endogene vitamine D-aanmaak. Dosering onder 1000 IU/dag is mogelijk onvoldoende voor mensen zonder zonblootstelling. | K78: VITAMIN; ALL | L78: Y
A79: CF059 | B79: Vitamine D3; Cholecalciferol | C79: >= | D79: 2000 | E79: IU/dag | F79: seasonal_d3_summer_check | G79: Seizoen / Vitamine D | H79: Info | I79: intake_season_summer; intake_outdoor_activity | J79: In de zomer met voldoende buitenactiviteit kan endogene vitamine D-aanmaak voldoende zijn. Hoge suppletie gecombineerd met zonblootstelling kan tot hypervitaminose D leiden bij gevoelige personen. | K79: VITAMIN; ALL | L79: Y
A81: LEGENDA & DEVELOPER INSTRUCTIES
A82: operator | B82: ">=", "<=", ">", "<", "=", "any" (aanwezig ongeacht dosering), "sport_certified=N" (speciale conditie), "target_group=children" (doelgroep-conditie)
A83: threshold_value | B83: Numerieke grenswaarde. Bij operator "any" of conditie-operators: 0 invullen.
A84: threshold_unit | B84: mg/dag | mcg/dag | IU/dag | g/dag | lege string bij "any"
A85: flag_category | B85: Neurotoxiciteit | Schildklier | Mineraalbalans | Medicatie-interactie | Bloedstolling | Teratogeniciteit | Vetoplosbaar/Stapeling | Immuun | Sport/Doping | Serotonine | Leeftijd | Seizoen | Auto-immuun | Bloedsuiker | Methylering | Bijwerking | Info
A86: severity | B86: Critical = altijd tonen, blokkeert aanbeveling | Major = prominent tonen | Minor = informatief tonen | Info = positieve context of neutrale informatie
A87: intake_match_field | B87: Komma-gescheiden lijst van intake-veldnamen die relevant zijn voor matching. Backend gebruikt dit voor conditionele filtering: flag alleen tonen als intake-veld actief is.
A88: active | B88: Y = actief in productie | N = uitgeschakeld (testen of tijdelijk). Backend filtert altijd op active=Y.
A89: Backend logic | B89: For each product_ingredient: IF ingredient_name MATCHES rule.ingredient_name AND dose OPERATOR rule.threshold THEN add rule.flag to product.context_flags. Final: JOIN(unique_flags, " | ").

Sheet Engine_weight_explained
A1: Funcify — Engine Weight Verantwoording
A2: Per criterium: waarom heeft het dit gewicht en niet één punt hoger of lager? Waarom is het wel of niet kritisch? Dit document is de definitieve referentie voor alle discussies over de engine-weging.
A3: Categorie | B3: Criterium | C3: W | D3: Krit. | E3: Waarom dit gewicht | F3: Waarom niet hoger | G3: Waarom niet lager | H3: Waarom wel/niet kritisch
A4: Identity & Labeling
A5: Identity & Labeling | B5: Alle actieve ingrediënten + doseringen gedeclareerd, geen proprietary blend | C5: 8 | D5: Ja | E5: Zonder volledige declaratie is onafhankelijke beoordeling structureel onmogelijk. Proprietary blends zijn een bewuste keuze om transparantie te blokkeren en treffen de kernfunctie van de engine. | F5: Niet 10 omdat er nog geen bewijs van daadwerkelijke kwaliteitsproblemen is — het blokkeert beoordeling, maar bewijst geen slechte kwaliteit. Het COA-criterium (poort tot bewijs) staat hoger. | G5: Niet lager dan 8 omdat dit de absolutedrempel voor onafhankelijke analyse is. Elke beoordeling begint hier. | H5: Kritisch: zonder dit criterium is de engine niet bruikbaar. Een proprietary blend maakt alle kwaliteitsoordelen onmogelijk.
A6: Identity & Labeling | B6: Alle chemische vormen expliciet vermeld | C6: 8 | D6: Ja | E6: De moleculaire vorm bepaalt biobeschikbaarheid en effectiviteit direct. 'Magnesium' zonder vorm is functioneel geen informatie. Gelijke ernst als proprietary blend. | F6: Niet 10 omdat de beoordeling van de vorm zelf (inferieur of niet) in een apart criterium zit met ook weight 8. Dit criterium gaat over de aanwezigheid van de informatie, niet de kwaliteit. | G6: Niet lager omdat ontbrekende vorminformatie even schadelijk is als een proprietary blend: je weet niet wat je beoordeelt. | H6: Kritisch: zonder chemische vorminformatie kan moleculaire kwaliteit niet worden beoordeeld.
A7: Identity & Labeling | B7: Alle hulpstoffen volledig gedeclareerd | C7: 5 | D7: Ja | E7: Allergenen en ongewenste additieven (titaniumdioxide, talk, gelatine bij veganisten) zijn een reëel consumentrisico. Volledige declaratie is wettelijk verplicht en essentieel voor de excipient-beoordeling. | F7: Niet 8+ omdat hulpstoffen een aanvullende laag zijn bovenop de actieve ingrediënten. De consumentenimpact is reëel maar secundair aan de werkzame samenstelling. | G7: Niet lager dan 5 omdat een onjuiste of incomplete hulpstoffenlijst veiligheidsrisico's met zich meebrengt (allergenen). | H7: Kritisch: onvolledige hulpstoffdeclaratie kan actieve veiligheidsrisico's verbergen.
A8: Identity & Labeling | B8: Serving size, dagdosering en aantal servings eenduidig | C8: 5 | D8: Ja | E8: Zonder duidelijke serving-informatie is de dagelijkse inname niet te berekenen. Sommige fabrikanten vermelden doseringen per capsule maar niet het aantal capsules per dag om lage hoeveelheden te verhullen. | F8: Niet hoger dan 5 omdat dit een informatiecriterium is dat de gebruiker helpt maar geen directe kwaliteitsimplicatie heeft. | G8: Niet lager omdat onduidelijkheid hier leidt tot systematische onderbeoordeling of overbeoordeling van de dosering. | H8: Kritisch: zonder serving-informatie is dosering onbeoordeelbaar.
A9: Identity & Labeling | B9: Batch/lot en THT duidelijk vermeld | C9: 3 | D9: Ja | E9: Traceerbaarheid van batches is een basisvereiste voor productaansprakelijkheid en recall-geschiktheid. Essentieel voor de koppeling met COA. | F9: Niet hoger dan 3 omdat het ontbreken hiervan een administratieve tekortkoming is, niet per se een kwaliteitsprobleem van het product zelf. | G9: Niet lager dan 3 want zonder batch/lot is een COA niet batch-specifiek te verifiëren. | H9: Kritisch: zonder batch-informatie kan de COA niet worden gekoppeld aan het verkochte product.
A10: Identity & Labeling | B10: Contra-indicaties, allergenen en gebruiksaanwijzing helder | C10: 4 | D10: Ja | E10: Ontbrekende contra-indicaties en allergeneninformatie vormen een directe veiligheidsrisico, met name bij interacties met medicatie of voedselallergieën. | F10: Niet hoger dan 4 omdat dit informatieve veiligheidslaag is, niet de productformulering zelf. | G10: Niet lager want het betreft directe consumentveiligheid. | H10: Kritisch: ontbrekende veiligheidsinformatie kan direct letsel veroorzaken bij kwetsbare gebruikers.
A11: Identity & Labeling | B11: Opslag- en stabiliteitsinstructies passend | C11: 3 | D11: Nee | E11: Relevante informatie voor behoud van potentie bij de gebruiker. Niet kritisch omdat de impact afhankelijk is van gebruikersgedrag, niet van de productformulering. | F11: Niet hoger want onjuiste opslaginstructies beïnvloeden potentie maar vormen geen veiligheidsrisico. | G11: Niet lager dan 3 want ze zijn relevant voor productwerkzaamheid in de praktijk. | H11: Niet kritisch: een product met ontbrekende opslaginstructies kan nog steeds kwalitatief goed zijn.
A12: Identity & Labeling | B12: Producent of EU-verantwoordelijke volledig traceerbaar | C12: 6 | D12: Ja | E12: Een traceerbare verantwoordelijke partij is wettelijk verplicht in de EU en maakt aansprakelijkheid mogelijk. Zonder dit is de consument rechteloos bij kwaliteitsproblemen. | F12: Niet 8+ want de traceerbaarheid is een juridisch criterium, geen directe indicatie van productkwaliteit. | G12: Niet lager dan 6 want ontbreken hiervan is een ernstige compliance-overtreding. | H12: Kritisch: zonder verantwoordelijke partij bestaat er geen aanspreekpunt bij veiligheidsincidenten.
A13: Identity & Labeling | B13: COA per batch publiek en traceerbaar | C13: 10 | D13: Ja | E13: Het maximale gewicht is gerechtvaardigd omdat dit de absolute poort is naar enig extern bewijs van productkwaliteit. Zonder batch-specifieke COA is geen enkele kwaliteitsclaim verifieerbaar. De COA is de basis van de gehele bewijsketen. | F13: Niet te verlagen: dit is het hoogste punt in de bewijshiërarchie. Alle andere verificatiecriteria bouwen hierop voort. | G13: Niet lager dan 10 want er is geen criterium dat fundamenteler is voor externe verifieerbaarheid. | H13: Kritisch: zonder COA kan geen enkel kwaliteitsoordeel worden onderbouwd.
A14: Identity & Labeling | B14: COA extern geverifieerd via ISO 17025 | C14: 7 | D14: Ja | E14: Een rapport van een niet-geaccrediteerd lab heeft geen onafhankelijke bewijswaarde. Dit criterium beoordeelt de betrouwbaarheid van het bewijs dat via de COA (weight 10) is binnengekomen. De logische volgorde: eerst bewijs (10), dan kwaliteit van dat bewijs (7). | F14: Niet 10 want dit criterium staat hiërarchisch onder de aanwezigheid van de COA. Het is de kwaliteitslaag bovenop de poort, niet de poort zelf. | G14: Niet lager dan 7 want een COA van een niet-geaccrediteerd lab is gevaarlijker dan geen COA: het geeft een misleidende schijn van verificatie. | H14: Kritisch: een niet-geaccrediteerd lab maakt de gehele COA als bewijs onbruikbaar.
A15: Identity & Labeling | B15: Analysemethoden en LOQ/LOD passend | C15: 5 | D15: Nee | E15: De detectielimieten van de gebruikte analysemethode bepalen of verontreinigingen überhaupt gevonden kunnen worden. Een te hoge LOD mist relevante contaminatieniveaus. | F15: Niet hoger dan 5 want dit is een technische kwaliteitslaag van het testproces, niet direct een consumentenimpact. | G15: Niet lager dan 5 want inadequate methoden kunnen bewust of onbewust zorgen dat problemen onzichtbaar blijven. | H15: Niet kritisch: suboptimale methoden verminderen betrouwbaarheid maar zijn zelden een bewuste misleidingstactiek.
A16: Identity & Labeling | B16: Zware metalen en microbiologie getest | C16: 6 | D16: Ja | E16: Lood, cadmium, kwik en arseen zijn acuut en chronisch toxisch. Dit is een extern contaminatierisico afhankelijk van grondstoffen en productieomgeving. In de kernlaag weight 6 omdat het risico sterk producttype-afhankelijk is. In modules voor omega-3, botanicals en mineralen wordt dit verhoogd naar 8-10. | F16: Niet 8+ in de kernlaag omdat het risico bij sommige producttypes (bijv. vitamine D capsules) vrijwel nihil is. De modules compenseren dit voor risicocategorieën. | G16: Niet lager dan 6 want zware metalen zijn een absoluut veiligheidsprobleem wanneer ze boven de normen zitten. | H16: Kritisch: aantoonbare overschrijding van zware metalengrenzen is een directe gezondheidsbedreiging.
... A21: Identity & Labeling | B21: Eindgebruikersgroep vermeld indien relevant | C21: 5 | D21: Nee | E21: Supplementen voor specifieke doelgroepen (zwangeren, kinderen, senioren) vereisen aangepaste doseringen en waarschuwingen. Ontbreken hiervan is een informatierisico voor kwetsbare groepen. | F21: Niet hoger want dit is een context-informatiecriterium. De formulering zelf is al beoordeeld op veiligheid voor specifieke doelgroepen. | G21: Niet lager dan 5 want kwetsbare groepen kunnen ernstige schade ondervinden van onderdosering of overdosering. | H21: Niet kritisch: het ontbreken van doelgroepvermelding is een informatiegebrek; de veiligheidsrisico's worden via andere criteria gevangen.
A22: Core Quality – Raw Materials
A23: Core Quality – Raw Materials | B23: Hoofdingrediënt in klinisch inzetbare vorm | C23: 8 | D23: Ja | E23: De moleculaire vorm bepaalt of een ingrediënt het beoogde fysiologische effect kan bereiken. Een inferieure vorm maakt het product onwerkzaam ongeacht alle andere kwaliteitskenmerken. Dit raakt de kernbelofte van het supplement. | F23: Niet 10 want de COA (poort tot bewijs) staat hoger in de hiërarchie. Zonder COA is dit criterium niet te beoordelen. | G23: Niet lager dan 8 want een verkeerde moleculaire vorm is inhoudelijk gelijk aan een niet-werkend product. | H23: Kritisch: een inferieure hoofdvorm maakt de kernbelofte van het product onwaar.
A24: Core Quality – Raw Materials | B24: Vermijdt inferieure vormen (oxide, carbonate, foliumzuur, cyanocobalamine) | C24: 8 | D24: Ja | E24: MgO biobeschikbaarheid <5% vs bisglycinaat ~40%. Synthetisch foliumzuur onconverteerbaar bij MTHFR. Cyanocobalamine vereist detoxificatiestap. Dit zijn aantoonbare kwaliteitsproblemen met directe klinische consequenties. | F24: Niet 10 want dit criterium valideert de keuze van de vormhiërarchie — het hoofdvorm-criterium (ook 8) beoordeelt de aanwezigheid van een klinisch inzetbare vorm, dit criterium beoordeelt het vermijden van de slechte keuze. Samen gewicht 8+8. | G24: Niet lager dan 8 want inferieure vormen zijn een structureel kwaliteitsprobleem dat de werkzaamheid ondermijnt. | H24: Kritisch: een product dat bewust inferieure vormen toepast ondermijnt zijn eigen werkzaamheid.
A25: Core Quality – Raw Materials | B25: Identiteit actieve grondstof analytisch geverifieerd | C25: 6 | D25: Ja | E25: HPLC/FTIR of equivalente analyses bevestigen dat het geclaimde ingrediënt ook daadwerkelijk aanwezig is. Relevant bij dure of zeldzame actieve stoffen (ashwagandha-extract, probiotica strains). | F25: Niet 8+ want bij eenvoudige ingrediënten is identiteitsverificatie vrijwel standaard en de fraudeprevalentie is lager dan bij botanicals. | G25: Niet lager dan 6 want onbevestigde identiteit maakt het product onbeoordeelbaar op werkzaamheid. | H25: Kritisch: een niet-geverifieerde identiteit maakt alle kwaliteitsaanspraken onverifieerbaar.
A26: Core Quality – Raw Materials | B26: Geen verboden excipients (titaniumdioxide, talk) | C26: 4 | D26: Ja | E26: Titaniumdioxide is als voedingsadditief verboden in de EU. Talk en vergelijkbare excipients zijn in hoge concentraties problematisch. Dit betreft verboden stoffen, niet slechte keuzes. | F26: Niet 8+ want de prevalentie van bewuste overtreding is laag en de directe gezondheidsimpact in gangbare doseringen is beperkt. | G26: Niet lager dan 4 want het betreft wettelijk verboden additieven. | H26: Kritisch: het gebruik van EU-verboden additieven is een absolute regelovertreding.
A27: Core Quality – Raw Materials | B27: Botanische extracten correct gestandaardiseerd | C27: 4 | D27: Nee | E27: Standaardisatie op een markercompound garandeert dat de actieve fractie consistent aanwezig is. Relevant uitsluitend voor botanische ingrediënten. | F27: Niet hoger want dit is een categorie-specifiek criterium met beperkte universele toepassing. | G27: Niet lager dan 4 want zonder standaardisatie is een botanisch extract niet doseerbaar op werkzaamheid. | H27: Niet kritisch: ontbrekende standaardisatie vermindert kwaliteitszekerheid maar is niet per definitie een veiligheidsprobleem.
A28: Core Quality – Raw Materials | B28: Ingrediënten voldoen aan farmacopee-kwaliteit | C28: 4 | D28: Nee | E28: Farmacopee-normen (Ph.Eur., USP) geven zekerheid over zuiverheid en kwaliteitsparameters. Niet altijd verifieerbaar maar relevant als standaardbenchmark. | F28: Niet hoger want farmacopee-compliance is moeilijk te verifiëren zonder directe toeleveranciersdocumentatie. | G28: Niet lager dan 4 want het is een erkende kwaliteitsstandaard. | H28: Niet kritisch: veel kwalitatieve producten voldoen aan farmacopee-normen zonder dit expliciet te claimen.
A29: Core Quality – Metabolic Burden
A30: Core Quality – Metabolic Burden | B30: Langdurige inname zonder cumulatie- of toxiciteitsrisico | C30: 8 | D30: Ja | E30: Perifere neuropathie bij chronisch pyridoxine >25 mg/dag is klinisch gedocumenteerd. Retinolaccumulatie bij vetoplosbare vitaminen. Jodium-geïnduceerde schildklierdisfunctie. Dit zijn reële risico's bij regulier gebruik van gangbare doseringen. | F30: Niet 10 want de directe gezondheidsimpact is dosisafhankelijk en treedt op bij langdurig gebruik, niet acuut. Weight 10 is gereserveerd voor acute verificatiedrempels. | G30: Niet lager dan 8 want chronische toxiciteitsrisico's bij normaal gebruik zijn een ernstige veiligheidskwestie. | H30: Kritisch: langdurige inname van toxische doseringen kan irreversibele schade veroorzaken.
A31: Core Quality – Metabolic Burden | B31: Vormkeuze vereist geen onnodige metabolische omzetting | C31: 4 | D31: Nee | E31: Foliumzuur naar 5-MTHF omzetting is bij MTHFR-polymorfisme verminderd. Cyanocobalamine vereist cyanide-detoxificatie. Relevant maar minder kritisch dan de aanwezigheid van inferieure vormen. | F31: Niet hoger want dit is een verfijningscriterium bovenop de vormkwaliteitsbeoordeling die al in Raw Materials zit. | G31: Niet lager dan 4 want metabolische omzettingsproblemen hebben reële klinische consequenties bij specifieke populaties. | H31: Niet kritisch: de impact is populatiespecifiek en niet universeel van toepassing.
A32: Core Quality – Metabolic Burden | B32: GI-belasting passend | C32: 5 | D32: Nee | E32: Magnesiumoxide veroorzaakt bij hoge doseringen laxerende werking wat therapietrouw ondermijnt. GI-intolerantie leidt direct tot non-compliance, wat het effect van het supplement nillificeert. | F32: Niet hoger dan 5 want GI-belasting is een praktisch comfortkritiek, geen directe veiligheidsoverweging. | G32: Niet lager dan 5 want non-compliance door GI-problemen maakt het supplement effectief nutteloos. | H32: Niet kritisch: GI-belasting is oncomfortabel maar niet gevaarlijk bij normale gebruik.
A33: Core Quality – Metabolic Burden | B33: Relevante interacties of contra-indicaties benoemd | C33: 5 | D33: Ja | E33: Interacties met medicatie (vitamine K met coumarines, sint-janskruid als CYP3A4-inducer) zijn een direct veiligheidsrisico. Het niet vermelden hiervan is een actieve informatieverzuiming. | F33: Niet hoger dan 5 want de interactievermelding is een informatieverplichting, niet een formuleringsbeslis. De context flag rules vangen de inhoudelijke interactiebeoordeling. | G33: Niet lager dan 5 want ontbrekende interactie-informatie kan directe medicatierisico's veroorzaken. | H33: Kritisch: een niet vermelde interactie met gangbare medicatie is een actieve misleiding met potentieel ernstige gevolgen.
A34: Core Quality – Dosage & Evidence
A35: Core Quality – Dosage & Evidence | B35: Doseringen binnen klinisch relevante range | C35: 8 | D35: Ja | E35: Label decoration — sub-therapeutische doseringen uitsluitend voor de ingrediëntenlijst — is een van de meest prevalente misleidingspraktijken. Als de dosering niet klinisch relevant is, is de werkzaamheidsclaim misleidend. Gelijk gewicht aan vormen-criteria want de consequentie is identiek: het product werkt niet. | F35: Niet 10 want het doseercriterium staat in de bewijsketen onder de COA-poort. Bovendien is klinische relevantie soms contextafhankelijk (doel, gebruiker). | G35: Niet lager dan 8 want een sub-therapeutische dosering maakt de kernbelofte van het product onwaar. | H35: Kritisch: een product met een niet-relevante dosering van het hoofdingrediënt claimt effectiviteit die het structureel niet kan leveren.
A36: Core Quality – Dosage & Evidence | B36: Geen marketing-overdosering zonder onderbouwing | C36: 5 | D36: Nee | E36: Overdosering van bepaalde vitaminen en mineralen zonder klinische onderbouwing suggereert dat meer beter is, wat niet altijd klopt en soms schadelijk is. Relevant maar minder ernstig dan underdosering. | F36: Niet hoger want overdosering in supplementen is zelden gevaarlijk bij water-oplosbare stoffen, en de impact is minder direct dan underdosering. | G36: Niet lager dan 5 want misleidende mega-doseringsmarketing beïnvloedt koopbeslissingen en consumentverwachtingen. | H36: Niet kritisch: overdosering is context-afhankelijk beoordelen; de UL-criteria vangen de absolute veiligheidsgrens.
A37: Core Quality – Dosage & Evidence | B37: Synergie en ratio's logisch geformuleerd | C37: 6 | D37: Nee | E37: Zink >25 mg/dag zonder koper veroorzaakt koperdepletie bij langdurig gebruik. D3 zonder K2 bij hoge doses kan calciummetabolisme beïnvloeden. Verhoogd van 4 naar 6 vanwege reële klinische consequenties. Niet kritisch omdat de impact afhankelijk is van de totale supplementenstack, niet uitsluitend van dit product. | F37: Niet 8 want het effect is stack-afhankelijk. Een hoog-zink product is problematisch als de gebruiker geen koper gebruikt, maar dat ligt niet uitsluitend bij dit product. | G37: Niet lager dan 6 want de klinische consequenties van mineral antagonisme zijn reëel en gedocumenteerd. | H37: Niet kritisch: het risico is stack-afhankelijk en niet inherent aan het product zelf.
A38: Core Quality – Dosage & Evidence | B38: EFSA UL-veiligheidsgrenzen gerespecteerd | C38: 4 | D38: Ja | E38: De EFSA UL-waarden zijn de wetenschappelijke veiligheidsgrens. Overschrijding zonder klinische context is een veiligheidsfout. Weight 4 en niet hoger omdat UL-overschrijdingen in gangbare consumentensupplementen zeldzaam zijn. | F38: Niet 8+ want de marktprevalentie van bewuste UL-overschrijdingen is laag en de impact is dosisafhankelijk. De Metabolic Burden criteria vangen de specifieke toxiciteitsrisico's. | G38: Niet lager dan 4 want elke bewuste UL-overschrijding is per definitie een veiligheidsfout. | H38: Kritisch: een product dat de EFSA-veiligheidsgrens overschrijdt claimt veiligheid die het structureel niet heeft.
A39: Core Quality – Dosage & Evidence | B39: Evidence-niveau passend bij claim | C39: 3 | D39: Nee | E39: Een claim ondersteund door enkel in-vitro studies is zwakker dan een claim gebaseerd op humane RCT's. Informatief voor professionals maar beperkte directe consumentenimpact. | F39: Niet hoger want evidence-niveau is contextafhankelijk en de regulering van gezondheidsclaims wordt al via het claims-criterium gevangen. | G39: Niet lager dan 3 want het is relevante contextuele informatie voor de consument. | H39: Niet kritisch: een lager evidence-niveau is een kwaliteitsbeperking, geen misleiding als de claim conform EU-wetgeving is.
A40: Core Quality – Dosage & Evidence | B40: Bioavailability claims alleen bij humane data | C40: 4 | D40: Ja | E40: 'Liposomaal' en vergelijkbare biobeschikbaarheidsclaims zijn momenteel de meest misbruikte marketingterm in de sector. Zonder humane data is de claim misleidend. Dit criterium overlapt bewust met het technologieclaims-criterium in Delivery. | F40: Niet 6+ want dit criterium focust op de onderbouwing van de claim, het Delivery-criterium (6) beoordeelt of de technologie functioneel is. | G40: Niet lager dan 4 want een ongefundeerde biobeschikbaarheidsclaim beïnvloedt direct de aankoopbeslissing. | H40: Kritisch: een misleidende biobeschikbaarheidsclaim is de kern van de productpositionering bij deze producten.
A41: Core Quality – Dosage & Evidence | B41: Interactie-matrix geborgd (antagonisme) | C41: 7 | D41: Ja | E41: Calcium en ijzer in hoge doseringen in één product verminderen elkaars opname significant. Zink en koper zijn elkaars antagonisten. Dit wordt niet gevangen door afzonderlijke doseringsbeoordelingen — het vereist een beoordeling van de totale formulering. | F41: Niet 8 want het effect is dosisafhankelijk en niet bij elk multi-ingrediënt product relevant. | G41: Niet lager dan 7 want een formulering die actief de opname van eigen ingrediënten vermindert is een fundamenteel kwaliteitsprobleem. | H41: Kritisch: antagonistische formuleringen verminderen de werkzaamheid van het product in zijn geheel.
A42: Core Quality – Dosage & Evidence | B42: Seizoensgebondenheid gecontextualiseerd | C42: 4 | D42: Nee | E42: Vitamine D 1000 IU is in de Nederlandse winter ondergekwalificeerd; hetzelfde product is in de zomer met voldoende buitenactiviteit mogelijk overbodig. Relevant voor de personalisatie-engine maar beperkte directe productkwaliteitsimplicatie. | F42: Niet hoger want dit is een contextuele relevantie-factor, geen kwaliteitsgebrek van het product zelf. | G42: Niet lager dan 4 want seizoensgebonden onjuiste aanbevelingen kunnen leiden tot structurele tekorten of overinname. | H42: Niet kritisch: een product kan kwalitatief goed zijn maar seizoenscontextueel onoptimaal.
A43: Core Quality – Contaminants
A44: Core Quality – Contaminants | B44: Zware metalen per batch getest (Pb, Cd, Hg, As) | C44: 10 | D44: Ja | E44: Lood, cadmium, kwik en arseen zijn acuut en chronisch toxisch. Een product dat zijn zware metalen niet per batch test en binnen veilige limieten houdt, vormt een directe gezondheidsbedreiging. Dit is het tweede maximale gewicht naast de COA-poort. | F44: Dit gewicht is de maximale score voor een veiligheidscriterium met directe toxicologische impact. Het verschilt van het algemene zware metalen testcriterium in Identity (weight 6) doordat dit criterium de uitkomst beoordeelt, niet alleen de aanwezigheid van het test. | G44: Niet lager dan 10 want overschrijding van zware metalenlimieten is een absolute veiligheidsfout zonder nuance. | H44: Kritisch: zware metalen boven de EU/USP-limieten zijn een directe gezondheidsbedreiging.
A45: Core Quality – Contaminants | B45: Microbiologische veiligheid bevestigd | C45: 6 | D45: Ja | E45: Pathogenen in supplementen (Salmonella, E.coli, Staphylococcus) zijn een reëel veiligheidsrisico, met name bij probiotica, botanicals en eiwitproducten. Weight 6 want het risico is sterk producttype-afhankelijk. | F45: Niet 10 want microbiologische contaminatie is bij de meeste supplementen (capsules, tabletten) een beheersbaar risico met lage prevalentie. | G45: Niet lager dan 6 want microbiologische verontreiniging kan ernstige infecties veroorzaken. | H45: Kritisch: aantoonbare microbiologische verontreiniging met pathogenen is een directe gezondheidsbedreiging.
A46: Core Quality – Manufacturing
A47: Core Quality – Manufacturing | B47: GMP-gecertificeerde productiefaciliteit | C47: 8 | D47: Ja | E47: GMP is de minimumvereiste voor productieconsistentie, -traceerbaarheid en -controle. Zonder GMP heeft geen enkel kwaliteitsproces een gestandaardiseerde basis. Hoog gewicht omdat dit de productieomgeving beoordeelt, niet het product zelf. | F47: Niet 10 want GMP garandeert een productieproces, niet de specifieke kwaliteit van dit product. De COA (10) beoordeelt het product direct. | G47: Niet lager dan 8 want een niet-GMP-gecertificeerde faciliteit maakt batch-consistentie en kwaliteitscontrole onzeker. | H47: Kritisch: productie buiten GMP-kader maakt systematische kwaliteitsborging onmogelijk.
A48: Core Quality – Manufacturing | B48: ISO22000/HACCP of equivalent | C48: 3 | D48: Nee | E48: Aanvullend voedselveiligheidssysteem bovenop GMP. Relevant maar niet bepalend als GMP al aanwezig is. | F48: Niet hoger want het is aanvullend op GMP, niet vervangend. | G48: Niet lager dan 3 want het geeft aanvullende zekerheid over systematisch risicobeheer. | H48: Niet kritisch: GMP dekt de basisvereisten al. ISO22000 is een extra kwaliteitslaag.
A49: Core Quality – Manufacturing | B49: Herkomst actieve grondstoffen transparant | C49: 4 | D49: Nee | E49: Bronherkomst van actieve grondstoffen is relevant voor risicoprofilering (bijv. grondstoffen uit regio's met hoge pesticiden-belasting). Informatief en ondersteunend voor risicobeoordeling. | F49: Niet hoger want herkomst is contextueel, niet bepalend voor de kwaliteit van het eindproduct. | G49: Niet lager dan 4 want non-transparantie over grondstoffen bemoeilijkt onafhankelijke risicoanalyse. | H49: Niet kritisch: ontbrekende herkomstinformatie is een transparantiegebrek, geen directe kwaliteitsfout.
A50: Core Quality – Stability/Packaging
A51: Core Quality – Stability/Packaging | B51: Verpakking beschermt tegen licht/zuurstof/vocht | C51: 4 | D51: Nee | E51: Licht- en zuurstofgevoelige ingrediënten (omega-3, probiotica, CoQ10) degraderen snel bij inadequate bescherming. Relevant maar niet universeel van toepassing. | F51: Niet hoger want de impact hangt sterk af van het ingrediëntentype en de stabiliteit van het product. | G51: Niet lager dan 4 want inadequate verpakking leidt direct tot verlies van potentie. | H51: Niet kritisch: slechte verpakking vermindert werkzaamheid maar vormt doorgaans geen veiligheidsrisico.
A52: Core Quality – Stability/Packaging | B52: Stabiliteitsdata aanwezig en potentie gegarandeerd tot THT | C52: 6 | D52: Ja | E52: Een product dat zijn gegarandeerde potentie niet haalt tot de houdbaarheidsdatum misleidt de consument over de werkzame dosering die zij dagelijks innemen. Dit is een directe misleiding over de gecommuniceerde werkzaamheid. | F52: Niet 8+ want stabiliteitsdata is een kwaliteitsborging van een product dat al anderszins goed is beoordeeld. | G52: Niet lager dan 6 want het garandeert dat de gecommuniceerde dosering tot het einde van de houdbaarheid geldt. | H52: Kritisch: een product zonder stabiliteitsgarantie claimt een dosering die het mogelijk niet levert.
A53: Core Quality – Delivery Claims
A54: Core Quality – Delivery Claims | B54: Technologieclaims functioneel onderbouwd | C54: 6 | D54: Ja | E54: 'Liposomaal', 'delayed release', 'enterisch' zijn de meest misbruikte delivery-claims. De meeste producten met deze claims hebben geen functionele delivery-technologie. Weight 6 want het raakt de kernpositionering maar niet de basisveiligheid of werkzaamheid van de actieve stoffen zelf. | F54: Niet 8+ want een misleidende technologieclaim over liposomale vitamine C maakt het product niet schadelijk; het is slechts niet-superieur aan een standaard product. | G54: Niet lager dan 6 want het is een bewuste misleidingsstrategie die prijspremiums en aankoopbeslissingen beïnvloedt. | H54: Kritisch: een misleidende technologieclaim is de primaire verkoopargumentatie van veel premium producten.
A55: Product Integrity – Verification
A56: Product Integrity – Verification | B56: Batch onafhankelijk getest door derde partij | C56: 8 | D56: Ja | E56: Eigen laboratoriumtesting heeft een inherent belangenconflict. Onafhankelijke testing is de enige manier om productkwaliteitsclaims te verifiëren zonder bias. | F56: Niet 10 want de onafhankelijkheid valt hiërarchisch onder de COA-accreditatie. Een onafhankelijk maar niet ISO 17025-geaccrediteerd lab heeft ook beperkingen. | G56: Niet lager dan 8 want eigen testing is fundamenteel niet-onafhankelijk en mist de kern van externe verificatie. | H56: Kritisch: een product dat uitsluitend intern is getest heeft geen onafhankelijke kwaliteitsbevestiging.
A57: Product Integrity – Verification | B57: Lab ISO 17025 geaccrediteerd | C57: 6 | D57: Ja | E57: Accreditatie garandeert dat het lab aan internationale kwaliteitsnormen voldoet. Dit criterium staat hiërarchisch onder het onafhankelijke testing-criterium (8): eerst onafhankelijkheid, dan kwaliteit van die onafhankelijkheid. | F57: Niet 8 want het is de kwaliteitslaag van de onafhankelijkheid, niet de onafhankelijkheid zelf. | G57: Niet lager dan 6 want een niet-geaccrediteerd onafhankelijk lab geeft slechts de schijn van verificatie. | H57: Kritisch: een niet-geaccrediteerd lab maakt de onafhankelijke testing bewijstechnisch waardeloos.
A58: Product Integrity – Verification | B58: Testresultaten publiek beschikbaar | C58: 5 | D58: Nee | E58: Beschikbaarheid van testresultaten maakt onafhankelijke verificatie door derden mogelijk. Relevant voor Funcify's beoordelingsproces en voor professionele gebruikers. | F58: Niet hoger want het is een transparantiecriterium, niet een directe kwaliteitsindicator. | G58: Niet lager dan 5 want niet-publieke resultaten beperken onafhankelijke verificatie ernstig. | H58: Niet kritisch: veel kwalitatieve merken leveren op verzoek testresultaten aan zonder ze actief publiek te maken.
A59: Product Integrity – Verification | B59: Batchnummer op COA matcht product | C59: 7 | D59: Ja | E59: Een COA zonder batchkoppeling bewijst niets over het verkochte product. Dit is een veelgebruikte praktijk waarbij een éénmalige test als permanent bewijs voor alle batches wordt gepresenteerd. | F59: Niet 10 want de COA-aanwezigheid (10) staat hoger. Dit criterium valideert de batch-specificiteit van de al aanwezige COA. | G59: Niet lager dan 7 want een COA zonder batch-match is voor de consument niet meer waard dan geen COA. | H59: Kritisch: een niet-gematcht batchnummer maakt de COA onbruikbaar als bewijs voor het specifieke product.
A60: Product Integrity – Verification | B60: Analysepakket passend bij producttype | C60: 6 | D60: Ja | E60: Een omega-3 product zonder TOTOX-meting of een botanisch product zonder pesticidentest heeft een inadequaat analysepakket voor zijn risicocategorie. | F60: Niet 8+ want dit criterium beoordeelt de dekking van het testpakket, niet de uitkomsten. | G60: Niet lager dan 6 want een inadequaat analysepakket laat belangrijke risico's systematisch ongetest. | H60: Kritisch: een structureel onvolledig analysepakket voor de risicocategorie is een bewuste of onbewuste omissie van relevante veiligheidstesting.
A61: Product Integrity – Verification | B61: Testfrequentie passend bij productievolume | C61: 4 | D61: Nee | E61: Een éénmalige test voor miljoenen capsules is niet representatief voor batch-consistentie. Hogere testfrequentie geeft meer zekerheid. | F61: Niet hoger want testfrequentie is een procescriterium, niet direct bepalend voor de kwaliteit van het beoordeelde product. | G61: Niet lager dan 4 want frequentie bepaalt de representativiteit van de beschikbare data. | H61: Niet kritisch: lage testfrequentie verhoogt het risico maar is geen bewijs van kwaliteitsproblemen.
A62: Product Integrity – Verification | B62: Resultaten binnen veilige limieten | C62: 7 | D62: Ja | E62: De aanwezigheid van een COA is niet voldoende als de resultaten de veiligheidslimieten overschrijden. Dit criterium vangt de inhoud van het bewijs, niet alleen de aanwezigheid. Weight 7 omdat het de uitkomst van de testing beoordeelt, die onder de accreditatie (6) staat maar boven de formele verificatieprocessen. | F62: Niet 10 want het COA-criterium (poort) staat hoger. Dit is de inhoudsbeoordeling van wat door de poort is gekomen. | G62: Niet lager dan 7 want overschrijding van normen is een directe veiligheidsfout. | H62: Kritisch: aantoonbare normoverschrijding is een directe gezondheidsbedreiging.
A63: Product Integrity – Verification | B63: Erkende kwaliteitscertificering aanwezig | C63: 4 | D63: Nee | E63: IFOS, Creapure, NZVT, Informed Sport geven aanvullende zekerheid bij specifieke producttypes. Niet universeel toepasbaar. | F63: Niet hoger want certificering is producttype-afhankelijk en niet voor alle supplementen beschikbaar of relevant. | G63: Niet lager dan 4 want certificering van erkende organisaties geeft een extra kwaliteitslaag. | H63: Niet kritisch: het ontbreken van certificering bij een product dat er doorgaans niet voor certificeert is geen kwaliteitsgebrek.
A64: Product Integrity – Verification | B64: Productiepartij intern traceerbaar | C64: 5 | D64: Ja | E64: Interne traceerbaarheid is vereist voor effectief recall-management en kwaliteitscontrole per batch. | F64: Niet 8+ want interne traceerbaarheid is een procescriterium dat de consument niet direct beschermt tenzij een recall noodzakelijk is. | G64: Niet lager dan 5 want zonder traceerbaarheid is een effectieve recall niet uitvoerbaar. | H64: Kritisch: ontbreken van interne traceerbaarheid maakt adequaat recall-management onmogelijk.
A65: Product Integrity – Verification | B65: Consistent tussen batches | C65: 5 | D65: Nee | E65: Batch-inconsistentie betekent dat een consument niet weet welk product hij werkelijk koopt. Relevant maar moeilijk te verifiëren zonder meerdere batchanalyses. | F65: Niet hoger want consistentie is een kwaliteitsaspect dat moeilijk extern te beoordelen is. | G65: Niet lager dan 5 want significante batch-inconsistentie ondermijnt de betrouwbaarheid van elke afzonderlijke beoordeling. | H65: Niet kritisch: enige variatie is productiepraktisch acceptabel zolang het binnen specificaties valt.
A66: Product Integrity – Verification | B66: Niet in recalls of toezichthouderwaarschuwingen | C66: 5 | D66: Nee | E66: Een actieve recall of NVWA/RASFF-waarschuwing is de meest directe externe veiligheidsindicator. Weight 5 verhoogd van 3 vanwege de directe veiligheidssignaalwaarde. | F66: Niet 8+ want een historische recall bewijst niet dat het huidige product problematisch is; het is een risicosignaal. | G66: Niet lager dan 5 want een recall-geschiedenis is een significante waarschuwingsvlag. | H66: Niet kritisch: een historische recall van een specifieke batch maakt het product niet per definitie onveilig in de huidige formulering.
A67: Product Integrity – Verification | B67: Vrij van dopingrelevante contaminanten bij sport | C67: 5 | D67: Ja | E67: Relevant alleen bij sportgepositioneerde producten. Dopingcontaminatie is een carrièrerisico voor competitieve sporters. In de sportmodule wordt dit verhoogd naar 9. | F67: Niet 8+ in de kernlaag want dit criterium is alleen relevant bij een subset van producten. | G67: Niet lager dan 5 want dopingcontaminatie is een ernstige, irreversibele consequentie. | H67: Kritisch bij sportproducten: een positieve dopingtest vernietigt de carrière van een atleet.
A68: Product Integrity – Verification | B68: Verpakkingsmateriaal geen contaminatiebron | C68: 5 | D68: Nee | E68: BPA-migratie en plasticizers zijn relevant bij vetoplosbare supplementen in plastic verpakking. Specifiek voor softgels in PVC-blisterverpakking. | F68: Niet hoger want het is een risicofactor bij specifieke producttypes, niet universeel. | G68: Niet lager dan 5 want plasticizer-contaminatie van vetoplosbare supplementen is een reëel maar onderbewust risico. | H68: Niet kritisch: het risico is productspecifiek en de prevalentie van significante contaminatie is laag.
A69: Claim Fit / Purpose Fit
A70: Claim Fit / Purpose Fit | B70: Primaire werking duidelijk identificeerbaar | C70: 3 | D70: Nee | E70: De consument moet binnen seconden kunnen begrijpen waarvoor het product bedoeld is. Een onduidelijke positionering bemoeilijkt de beoordeling van claim-fit. | F70: Niet hoger want dit is een communicatiecriterium, geen kwaliteitscriterium. | G70: Niet lager dan 3 want onduidelijke positionering maakt claim-fit-beoordeling subjectief. | H70: Niet kritisch: een onduidelijk gecommuniceerd doel is verwarrend maar niet gevaarlijk.
A71: Claim Fit / Purpose Fit | B71: Hoofdingrediënten logisch bij primaire claim | C71: 6 | D71: Ja | E71: Een slaapproduct met primair cafeïne, een energieproduct met uitsluitend valeriaan — de combinatie van claim en formulering moet logisch zijn. Weight 6 want het raakt de kern van de belofte. | F71: Niet 8+ want claim-fit is deels subjectief en afhankelijk van de beoogde gebruiker. | G71: Niet lager dan 6 want een formulering die de claim actief ondermijnt is een fundamentele misleiding. | H71: Kritisch: een formulering die direct ingaat tegen de geclaimde werking is een actieve misleiding.
A72: Claim Fit / Purpose Fit | B72: Doseringen van hoofdingrediënten passend bij doel | C72: 6 | D72: Ja | E72: Een slaapproduct met 0,5 mg melatonine ipv 0,5-1 mg kan nog werken; 0,01 mg is een label decoration. Dit criterium valideert of de dosering de claim kan ondersteunen. | F72: Niet 8 want het doseercriterium in Dosage & Evidence (8) beoordeelt al de klinische relevantie. Dit criterium beoordeelt de specifieke claim-fit. | G72: Niet lager dan 6 want een ondergekwalificeerde dosering voor de geclaimde toepassing is directe misleiding. | H72: Kritisch: doseringen die de specifieke claim niet kunnen ondersteunen maken de productbelofte onwaar.
A73: Claim Fit / Purpose Fit | B73: Impliciete ziekteclaims of therapeutische claims | C73: 6 | D73: Ja | E73: Impliciete therapeutische claims ('ondersteunt gezonde bloeddruk' kan bij sommigen als medische claim worden geïnterpreteerd) zijn een compliance-risico en misleiden over de aard van het product. | F73: Niet 8+ want impliciete claims zijn interpretatiegevoelig en de directe gezondheidsschade is beperkter dan formuleringsproblemen. | G73: Niet lager dan 6 want misleidende therapeutische claims beïnvloeden direct koopbeslissingen van kwetsbare consumenten. | H73: Kritisch: impliciete ziekteclaims zijn in de EU wettelijk verboden en actief misleidend.
A74: Claim Fit / Purpose Fit | B74: Claims consistent tussen etiket, website en marketing | C74: 5 | D74: Ja | E74: Discrepanties tussen etiket en website-claims zijn een actieve misleidingsindicator. Sommige merken plaatsen op het etiket EU-conforme claims en op de website ongefundeerde therapeutische claims. | F74: Niet 8+ want inconsistentie is een communicatiegebrek, minder ernstig dan formuleringsfouten. | G74: Niet lager dan 5 want bewuste inconsistentie is een misleidingsstrategie. | H74: Kritisch: bewuste inconsistentie tussen kanalen is een actieve misleidingstactiek.
A75: Delivery & Excipients
A76: Delivery & Excipients | B76: Toedieningsvorm passend bij producttype | C76: 4 | D76: Nee | E76: Een tablet voor een product dat maagzuurresistentie vereist vs. een enterische capsule. De toedieningsvorm beïnvloedt de werkzaamheid. | F76: Niet hoger want dit is een verfijningscriterium dat pas relevant is nadat de basisformulering is beoordeeld. | G76: Niet lager dan 4 want een onjuiste toedieningsvorm kan de werkzaamheid van het product significant verminderen. | H76: Niet kritisch: suboptimale toedieningsvorm vermindert effectiviteit maar is doorgaans niet gevaarlijk.
A77: Delivery & Excipients | B77: Suiker/polyolbelasting passend | C77: 6 | D77: Ja | E77: Gummies met meer suiker dan actieve stof zijn een reëel kwaliteitsprobleem. Hoge polyolbelasting veroorzaakt GI-bijwerkingen. Weight 6 en Critical=Y vanwege de directe impact op de kwaliteitsintegriteit bij een groeiende productcategorie. | F77: Niet 8+ want suikerbelasting is een formuleringsgebrek, niet een veiligheidsprobleem in de klassieke zin. | G77: Niet lager dan 6 want een product met meer suiker dan actief ingrediënt is inhoudelijk misleidend. | H77: Kritisch: een gummieproduct waarbij suiker domineert over werkzame stof is een directe kwaliteitsintegriteitsschending.
A78: Delivery & Excipients | B78: Portiegrootte en gebruiksgemak realistisch | C78: 5 | D78: Nee | E78: 10 capsules per dag als aanbevolen dosering ondermijnt therapietrouw structureel. Non-compliance door onpraktische portiegrootte maakt het supplement effectief nutteloos. | F78: Niet hoger want gebruiksgemak is een praktisch comfort-criterium, geen directe kwaliteitsindicator. | G78: Niet lager dan 5 want therapietrouw is direct gekoppeld aan de effectiviteit van het supplement. | H78: Niet kritisch: een onpraktisch portieringsadvies is een kwaliteitsgebrek in gebruikerservaring, niet een veiligheidsprobleem.
A79: Delivery & Excipients | B79: Enterische/delayed release claims functioneel onderbouwd | C79: 4 | D79: Ja | E79: Een coating die claimeert maagzuurbestendig te zijn maar dat niet is, ondermijnt de werkzaamheid van gevoelige ingrediënten direct. | F79: Niet 6+ want dit is een specifieke subcategorie van de bredere technologieclaims (6 in Delivery Claims). | G79: Niet lager dan 4 want een niet-functionele coating is een directe kwaliteitsmisleiding. | H79: Kritisch: een niet-functionele beschermende coating bij een ingrediënt dat maagzuurbescherming vereist maakt de kern van de productpositionering onwaar.
A80: Sustainability & Supply Chain
A81: Sustainability & Supply Chain | B81: Duurzaamheidscertificering waar relevant | C81: 3 | D81: Nee | E81: MSC voor visolie, Rainforest Alliance voor botanicals zijn relevante duurzaamheidsindicatoren voor de bewuste consument. Lage weight omdat duurzaamheid geen directe kwaliteitsimplicatie heeft. | F81: Niet hoger want duurzaamheid is een waardenkeuze, geen kwaliteits- of veiligheidscriterium. | G81: Niet lager dan 3 want het is een relevante transparantie-indicator voor een groeiende consumentenvraag. | H81: Niet kritisch: het ontbreken van duurzaamheidscertificering maakt een product niet minder kwalitatief.
A82: Sustainability & Supply Chain | B82: Vegan/vegetarisch geschiktheid correct gecommuniceerd | C82: 4 | D82: Nee | E82: Gelatinecapsules bij een als 'vegan' gepositioneerd product zijn een directe misleiding. Dierlijke hulpstoffen zonder vermelding is een transparantiegebrek. | F82: Niet hoger want het betreft een specifieke doelgroepkwestie, geen universeel kwaliteitsprobleem. | G82: Niet lager dan 4 want voor veganistische consumenten is dit een essentiële transparantie-informatie. | H82: Niet kritisch: een onjuiste vegan-claim is misleidend maar heeft geen gezondheidsgevolgen.
A83: Sustainability & Supply Chain | B83: Productie- en testlocatie vermeld | C83: 3 | D83: Nee | E83: Non-EU productie zonder EU GMP-erkenning heeft een ander risiconiveau. Transparantie over locatie helpt bij risicoprofilering. | F83: Niet hoger want locatie is contextueel, de GMP-certifcering beoordeelt al de productiepraktijk. | G83: Niet lager dan 3 want het is relevante achtergrondinformatie voor een volledige risicobeoordeling. | H83: Niet kritisch: productielocatie is een contextfactor, de kwaliteit wordt via andere criteria beoordeeld.

Sheet Category_weight_explained
A1: Funcify — Module Weight Verantwoording
A2: Per module-criterium: waarom heeft het dit gewicht en niet één punt hoger of lager? Waarom is het wel of niet kritisch? Module-criteria worden gescoord bovenop de Core Engine voor het betreffende producttype.
A3: Module | B3: Criterium | C3: W | D3: Krit. | E3: Waarom dit gewicht | F3: Waarom niet hoger | G3: Waarom niet lager | H3: Waarom wel/niet kritisch
A4: Module: Omega3
A5: Omega3 | B5: EPA + DHA exact per dosering vermeld en totale omega-3 gedeclareerd | C5: 8 | D5: Ja | E5: EPA en DHA zijn de actief werkzame fractions. 'Visolie 1000 mg' zonder EPA/DHA-specificatie zegt niets over de werkzame inhoud. Hoog gewicht want dit bepaalt de therapeutische dosering. | F5: Niet 10 want de COA-poort (kernlaag) staat hoger. Dit is een labeling-criterium, niet het bewijs van de inhoud. | G5: Niet lager dan 8 want zonder EPA/DHA-specificatie is de dagelijkse therapeutische dosering onbeoordeelbaar. | H5: Kritisch: zonder EPA/DHA-declaratie is een omega-3 product niet zinvol te beoordelen.
A6: Omega3 | B6: Vorm gespecificeerd (TG/rTG/PL/EE) en plausibel | C6: 6 | D6: Nee | E6: rTG en TG hebben betere biobeschikbaarheid dan EE. Relevant voor productevaluatie maar minder kritisch dan de werkzame inhoud. | F6: Niet 8+ want de biobeschikbaarheidsverschillen zijn klinisch relevant maar niet dramatisch bij voldoende EPA/DHA-dosering. | G6: Niet lager dan 6 want de vorm beïnvloedt de opname significant, met name in nuchtere toestand. | H6: Niet kritisch: EE-vorm is inferieur maar niet onveilig. De dosering en zuiverheid zijn belangrijker.
A7: Omega3 | B7: Oxidatiecontrole batch-specifiek en onder IFOS-normen (TOTOX ≤26) | C7: 9 | D7: Ja | E7: Geoxideerde visolie is niet alleen ineffectief maar potentieel pro-inflammatoir — het tegendeel van het beoogde effect. TOTOX >26 is een directe kwaliteitsfout. Hoog gewicht omdat oxidatie de kern van het product aantast. | F7: Niet 10 want oxidatie is een kwaliteitsprobleem, niet acuut gevaarlijk zoals zware metalen. | G7: Niet lager dan 9 want geoxideerde omega-3 heeft een bewezen negatief gezondheidseffect. | H7: Kritisch: geoxideerde omega-3 heft het therapeutische effect op en kan schadelijk zijn.
A8: Omega3 | B8: Dioxines en PCB's batch-specifiek getest en binnen limieten | C8: 10 | D8: Ja | E8: Maximaal gewicht in de module. Dioxines en PCB's zijn persistent organisch-toxische verbindingen die akkumuleren. Mariene oliën zijn de primaire blootstellingsbron in de voedingsketen. Geen nuance bij overschrijding. | F8: Dit gewicht is maximaal en niet te verlagen: het is een absolute veiligheidsgrens. | G8: Niet lager dan 10 want dioxine- en PCB-blootstelling is cumulatief en irreversibel. | H8: Kritisch: dioxinen en PCB's boven normen zijn een absolute gezondheidsbedreiging zonder therapeutisch voordeel.
A9: Omega3 | B9: Zware metalen ruim onder EU-limieten voor mariene producten | C9: 10 | D9: Ja | E9: Mariene oliën hebben het hoogste risico op kwik, lood en arseen van alle supplementcategorieën. Dit criterium vervangt het kernlaag zware-metalencriterium (6) met een categoriespecifiek maximaal gewicht. | F9: Dit gewicht is maximaal in de context van mariene producten. | G9: Niet lager dan 10 want kwik-accumulatie bij vette vis is een gedocumenteerd volksgezondheidsprobleem. | H9: Kritisch: zware metalen in mariene producten boven limieten zijn een absolute gezondheidsbedreiging.
A10: Omega3 | B10: Antioxidantbescherming aanwezig (tocoferolen) en verpakking geschikt | C10: 5 | D10: Nee | E10: Antioxidanten zoals vitamine E beschermen tegen oxidatie tijdens opslag. Relevant maar minder kritisch dan de oxidatiemeting zelf. | F10: Niet hoger want de oxidatiemeting (9) beoordeelt het werkelijke resultaat; de antioxidantbescherming is de preventiemaatregel. | G10: Niet lager dan 5 want adequate bescherming is een kwaliteitsborging voor de periode tot consumptie. | H10: Niet kritisch: ontbrekende antioxidantbescherming verhoogt het oxidatierisico maar is niet direct gevaarlijk.
A11: Omega3 | B11: EPA+DHA dosering klinisch relevant (dagdosering) | C11: 7 | D11: Nee | E11: Een dagdosering onder 500 mg EPA+DHA is voor de meeste therapeutische doelen onvoldoende. Dit criterium beoordeelt de klinische relevantie van de omega-3 dosering specifiek. | F11: Niet 9+ want de klinische relevantie is doelgroep- en indicatieafhankelijk. | G11: Niet lager dan 7 want een product dat claimt cardiovasculair gezondheid te ondersteunen maar minder dan 500 mg EPA+DHA levert, onderbouwt zijn claim onvoldoende. | H11: Niet kritisch: een ondergekwalificeerde omega-3 dosering is ineffectief maar niet gevaarlijk.
A12: Omega3 | B12: Brontransparantie aanwezig (vissoort of algensoort) | C12: 4 | D12: Nee | E12: Transparantie over de bron ondersteunt de duurzaamheidsbeoordeling en risicoprofilering. Informatief maar secundair aan de kwaliteitsparameters. | F12: Niet hoger want brontransparantie is een aanvullende informatielaag, geen directe kwaliteitsindicator. | G12: Niet lager dan 4 want bronkennis is relevant voor duurzaamheid en voor professionals die specifieke bronnen vermijden. | H12: Niet kritisch: ontbrekende broninformatie is een transparantiegebrek, geen kwaliteitsfout.
A13: Omega3 | B13: Onafhankelijke kwaliteitscertificering aanwezig (IFOS indien geclaimd) | C13: 4 | D13: Nee | E13: IFOS-certificering is de sectorstandaard voor omega-3 kwaliteit. Relevant als aanvullende zekerheid maar niet vereist voor een kwalitatief goed product. | F13: Niet hoger want certificering is vrijwillig en een product zonder certificering kan nog steeds alle kwaliteitsparameters halen. | G13: Niet lager dan 4 want het is een erkende kwaliteitsstandaard die extra zekerheid biedt. | H13: Niet kritisch: ontbrekende IFOS-certificering is geen kwaliteitsgebrek als de testresultaten zelf beschikbaar zijn.
A14: Omega3 | B14: Dopingcertificering aanwezig bij sportpositionering | C14: 7 | D14: Ja | E14: Bij sportgepositioneerde omega-3 producten is dopingcontaminatie een carrièrerisico. Weight 7 in lijn met andere kritische sportveiligheidscriteria. | F14: Niet 9+ want dopingcontaminatie van omega-3 is minder prevalent dan bij complexe sportformules. | G14: Niet lager dan 7 want een positieve dopingtest door een als 'sportproduct' verkochte omega-3 is een vermijdbaar risico. | H14: Kritisch: dopingcontaminatie bij een als sportproduct gepositioneerd supplement is een directe atleet-beschermingsverplichting.
A15: Module: Probiotic
A16: Probiotic | B16: Genus + species + straincode volledig vermeld | C16: 8 | D16: Ja | E16: Een probioticum wordt op stramnaam aanbevolen voor specifieke therapeutische toepassingen. Zonder volledige strainidentificatie is gerichte aanbeveling onmogelijk. | F16: Niet 10 want de analytische bevestiging van de strain-identiteit (9) staat hoger. | G16: Niet lager dan 8 want zonder straincode is therapeutische equivalentie niet te beoordelen. | H16: Kritisch: een probioticum zonder volledige strainidentificatie is therapeutisch niet inzetbaar.
A17: Probiotic | B17: CFU per strain gespecificeerd (niet alleen totaal) | C17: 6 | D17: Ja | E17: Een product met 10 miljard CFU totaal maar zonder specificatie per strain kan 99% uit één onwerkzame strain bestaan. CFU per strain is de relevante therapeutische eenheid. | F17: Niet 8+ want de totale CFU is ook een relevante indicator; CFU per strain is een verfijning. | G17: Niet lager dan 6 want bij multi-strain producten is de verdeling per strain bepalend voor de therapeutische waarde. | H17: Kritisch: zonder CFU per strain is de therapeutische werkzaamheid van de individuele strains onbeoordeelbaar.
A18: Probiotic | B18: CFU gegarandeerd tot einde THT (niet 'at manufacture') | C18: 8 | D18: Ja | E18: Probiotica zijn levende organismen die degraderen tijdens opslag. 'At manufacture' CFU-garanties zijn zinloos als het product bij aankoop al grotendeels inactief is. | F18: Niet 10 want de strain-identiteitsbevestiging (9) staat hoger als primaire werkzaamheidsgarantie. | G18: Niet lager dan 8 want een CFU-garantie uitsluitend bij productie is een misleidende kwaliteitsclaim. | H18: Kritisch: een product dat bij aankoop grotendeels inactieve stammen bevat is therapeutisch waardeloos.
A19: Probiotic | B19: Strain-identiteit analytisch bevestigd (bijv. whole genome sequencing) | C19: 9 | D19: Ja | E19: Zonder analytische bevestiging kan een fabrikant een goedkope strain verkopen als een klinisch onderzochte premium strain. Dit is de hoogste prioriteit in de probiotica-module. | F19: Niet 10 want dit criterium staat net onder de zware metalen/dioxine-criteria in de kernlaag die absolute veiligheidsdrempels bewaken. | G19: Niet lager dan 9 want foutieve strain-identificatie is de grootste fraudevector in de probiotica-markt. | H19: Kritisch: een verkeerde strain heeft een ander of geen therapeutisch effect en kan niet worden vervangen door de verwachte strain.
A20: Probiotic | B20: Afwezigheid overdraagbare antibiotic resistance genes | C20: 9 | D20: Ja | E20: Overdraagbare antibiotic resistance genes zijn een volksgezondheidsprobleem. Probiotica die dergelijke genen bevatten kunnen resistentie overdragen op pathogenen in het darmmicrobioom. | F20: Niet 10 want het risico op overdracht is laag maar niet nul. | G20: Niet lager dan 9 want antibiotic resistance gene overdracht is een irreversibel volksgezondheidsprobleem. | H20: Kritisch: overdracht van antibiotic resistance is een ernstig volksgezondheidsprobleem zonder therapeutische tegenprestatie.
A21: Probiotic | B21: Opslag en vochtbescherming passend | C21: 6 | D21: Nee | E21: Probiotica degraderen bij vocht en hoge temperatuur. Adequate bescherming is essentieel voor levensvatbaarheid. | F21: Niet 8+ want de daadwerkelijke levensvatbaarheid wordt gemeten via CFU-garantie (8). | G21: Niet lager dan 6 want inadequate verpakking ondermijnt de levensvatbaarheidsgarantie. | H21: Niet kritisch: slechte opslag vermindert effectiviteit maar vormt geen veiligheidsrisico.
A22: Probiotic | B22: Stabiliteit aangetoond onder realistische opslagcondities | C22: 7 | D22: Ja | E22: Laboratoriumstabiliteit onder ideale omstandigheden is niet representatief voor consumentenopslag. Realistische stabiliteitstests geven zekerheid over het product in de praktijk. | F22: Niet 9+ want dit is een kwaliteitsborging bovenop de strain-identificatie. | G22: Niet lager dan 7 want het verschil tussen lab-stabiliteit en praktijkstabiliteit kan significant zijn. | H22: Kritisch: instabiliteit onder realistische omstandigheden maakt de THT-garantie ongeldig.
A23: Probiotic | B23: Strain-specifieke klinische onderbouwing aanwezig | C23: 6 | D23: Nee | E23: Klinische data specifiek voor de gebruikte strain versterkt de therapeutische geloofwaardigheid significant. | F23: Niet 8+ want veel kwalitatieve probiotica-strains hebben beperkte maar toch relevante klinische data. | G23: Niet lager dan 6 want strain-specifieke onderbouwing is de basis voor therapeutische aanbevelingen. | H23: Niet kritisch: een gebrek aan strain-specifieke data maakt het product niet slechter; het vermindert de onderbouwing.
A24: Probiotic | B24: Formulering ondersteunt maagzuuroverleving | C24: 5 | D24: Nee | E24: Enterische coatings en acid-resistant strains (Lactobacillus acidophilus) verhogen de kans op levende aankomst in de darm. Relevant maar niet universeel vereist. | F24: Niet hoger want maagzuurbestendigheid is strain-afhankelijk; sommige strains overleven prima zonder bescherming. | G24: Niet lager dan 5 want bij gevoelige strains is adequate bescherming bepalend voor therapeutische werkzaamheid. | H24: Niet kritisch: maagzuuroverleving is strain-specifiek; niet alle probiotica vereisen extra bescherming.
A25: Module: Botanical
A26: Botanical | B26: Latijnse plantnaam, plantdeel en herkomst volledig vermeld | C26: 8 | D26: Ja | E26: Botanicals worden geïdentificeerd op genus + species niveau. Plantdeel (wortel vs. blad) heeft andere farmacologische samenstelling. Herkomst is relevant voor contaminatierisico en standaardisatie. | F26: Niet 10 want de analytische identiteitsbevestiging (9) staat hoger als bewijs. | G26: Niet lager dan 8 want zonder volledige taxonomische informatie is de therapeutische equivalentie niet beoordeelbaar. | H26: Kritisch: een botanical zonder volledige identificatie kan niet worden gematcht aan klinische studies.
A27: Botanical | B27: Extractratio en extracttype transparant | C27: 6 | D27: Nee | E27: 5:1 extract vs 20:1 extract geeft een compleet ander actief gehalte bij dezelfde milligramaanduiding. Zonder extractratio is de dosering niet vergelijkbaar. | F27: Niet 8+ want extractratio is een verfijning bovenop de standaardisatiedata. | G27: Niet lager dan 6 want zonder extractratio is de effectieve dosering onbeoordeelbaar. | H27: Niet kritisch: ontbrekende extractratio is een informatietekortkoming, niet een veiligheidsgebrek.
A28: Botanical | B28: Standaardisatie op markercompound duidelijk vermeld | C28: 7 | D28: Ja | E28: Standaardisatie garandeert een consistent gehalte aan de actieve of markerfractie. Zonder standaardisatie is een botanisch extract niet reproduceerbaar doseerbaar. | F28: Niet 9+ want standaardisatie is een kwaliteitsgarantie, minder fundamenteel dan identiteitsbevestiging. | G28: Niet lager dan 7 want zonder standaardisatie is batch-consistentie niet te garanderen. | H28: Kritisch: een niet-gestandaardiseerd extract heeft een onbekende therapeutische potentie.
A29: Botanical | B29: Botanische identiteit analytisch bevestigd | C29: 9 | D29: Ja | E29: Botanische adulteratie met goedkopere of gevaarlijkere plantensoorten is een gedocumenteerd en wijdverbreid probleem. HPLC/HPTLC-bevestiging is de gouden standaard. | F29: Niet 10 want het risico is real maar de directe acuut toxische consequentie is in de meeste gevallen minder ernstig dan zware metalen of dioxines. | G29: Niet lager dan 9 want botanische adulteratie is de meest prevalente fraudevorm in de supplement-botanicale markt. | H29: Kritisch: adulteratie met een andere plantensoort maakt het product therapeutisch onwerkzaam of gevaarlijk.
A30: Botanical | B30: Adulteratie of botanische substitutie uitgesloten | C30: 9 | D30: Ja | E30: Synthetische toevoeging van markerstoffen (bijv. gesynthetiseerde ginsenosiden aan goedkoop ginsengpoeder) is een geavanceerde fraudevorm die standaard HPLC-analyse kan misleiden. | F30: Niet 10 want de directe gezondheidsbedreiging is lager dan zware metalen, maar de fraude-impact is maximaal. | G30: Niet lager dan 9 want adulteratie met synthetische stoffen is opzettelijke fraude met directe therapeutische consequenties. | H30: Kritisch: synthetische adulteratie maakt het product tot een frauduleus product.
A31: Botanical | B31: Pesticiden en herbiciden getest en binnen limieten | C31: 8 | D31: Ja | E31: Botanische grondstoffen, met name uit niet-biologische teelt, hebben een significant pesticidenrisico. Dit criterium heeft in de botanicals-module een hoger gewicht dan in de kernlaag. | F31: Niet 10 want pesticiden hebben doorgaans een chronisch, niet acuut toxisch profiel bij de gemeten residuniveaus. | G31: Niet lager dan 8 want pesticidenbelasting via dagelijkse suppletie van geconcentreerde extracten is een reëel chronisch blootstellingsrisico. | H31: Kritisch: pesticidenresiduen boven MRL zijn een directe regelovertreding en gezondheidsbedreiging.
A32: Botanical | B32: Mycotoxinen getest waar relevant | C32: 7 | D32: Ja | E32: Schimmelgevoelige botanische grondstoffen (ashwagandha, gember, kaneel) hebben risico op aflatoxinen en ochratoxine. Relevant bij producten uit tropische herkomstgebieden. | F32: Niet 9+ want het risico is sterk grondstofsspecifiek en niet universeel. | G32: Niet lager dan 7 want aflatoxines zijn potente carcinogenen die bij chronische blootstelling ernstig schade veroorzaken. | H32: Kritisch: mycotoxinen boven veiligheidslimieten zijn carcinogeen.
A33: Botanical | B33: Oplosmiddelresiduen binnen ICH Q3C limieten | C33: 8 | D33: Ja | E33: Geconcentreerde extracten worden vaak met organische oplosmiddelen vervaardigd. Residuen boven ICH Q3C-limieten zijn een veiligheidsprobleem. | F33: Niet 10 want de directe acute toxiciteit bij gangbare residuniveaus is beperkter dan zware metalen. | G33: Niet lager dan 8 want oplosmiddelresiduën zijn een procesmatig veiligheidsrisico bij extractiemethoden. | H33: Kritisch: residuen boven ICH Q3C limieten zijn een directe veiligheidsovertreding.
A34: Botanical | B34: Batch-to-batch consistentie markercompound | C34: 6 | D34: Nee | E34: Significante variatie in markercompound tussen batches maakt consistente therapeutische dosering onmogelijk. | F34: Niet 8+ want consistentie is een kwaliteitsaspect dat op de standaardisatie (7) voortbouwt. | G34: Niet lager dan 6 want grote batch-inconsistentie ondermijnt therapeutische reproduceerheid. | H34: Niet kritisch: enige variatie is productiepraktisch acceptabel zolang het binnen specificaties valt.
A35: Module: Vitamin
A36: Vitamin | B36: Vitaminevorm expliciet gedeclareerd voor alle vitaminen | C36: 7 | D36: Ja | E36: Vitamine-vormen bepalen biobeschikbaarheid en therapeutische inzetbaarheid direct. Dit criterium is categorie-specifiek sterker dan de kernlaag (8) want vitaminen hebben de meeste vormvariatie. | F36: Niet 10 want de kernlaag COA-poort staat hoger. | G36: Niet lager dan 7 want ontbrekende vorminformatie maakt therapeutische beoordeling onmogelijk. | H36: Kritisch: een vitamineproduct zonder vormdeclaratie is therapeutisch niet te beoordelen.
A37: Vitamin | B37: Vitamine B6 dosering veilig voor langdurig gebruik (pyridoxine ≤25 mg/dag) | C37: 8 | D37: Ja | E37: Perifere neuropathie bij chronisch pyridoxine-gebruik boven 25 mg/dag is gedocumenteerd in klinische rapportages. Dit criterium is specifiek voor pyridoxine HCl, niet voor P-5-P. Hoog gewicht want het is een irreversibel neurologisch risico. | F37: Niet 10 want het risico treedt op bij langdurig gebruik, niet acuut. Weight 10 is gereserveerd voor acuut gevaarlijke overschrijdingen. | G37: Niet lager dan 8 want chronische neurotoxiciteit bij gangbare supplementdoseringen is een ernstig consumentrisico. | H37: Kritisch: langdurige pyridoxine-inname boven 25 mg/dag is geassocieerd met irreversibele neurologische schade.
A38: Vitamin | B38: Vitamine A (retinol) hoog gedoseerd met duidelijke context | C38: 7 | D38: Ja | E38: Retinol-teratogeniciteit bij hoge inname tijdens zwangerschap is een vastgesteld klinisch risico. Retinolaccumulatie bij vetoplosbare stapeling. Dit criterium is zwaarder dan het kernlaag B6-criterium vanwege de zwangerschapsrisico's. | F38: Niet 9+ want het risico is doelgroep-specifiek (zwangeren, langdurig hoge inname). | G38: Niet lager dan 7 want retinol-teratogeniciteit is een gedocumenteerd en ernstig perinataal risico. | H38: Kritisch: hoge retinol-inname zonder waarschuwing bij zwangerschap is een directe teratogene bedreiging.
A39: Vitamin | B39: Doseringen binnen veilige langdurige grenzen | C39: 8 | D39: Ja | E39: Hoge doses vetoplosbare vitaminen stapelen bij langdurige inname. Dit criterium beoordeelt de cumulatieve veiligheidspositie van de volledige vitaminenformule. | F39: Niet 10 want de impact is dosisafhankelijk en afhankelijk van de specifieke vitamine. | G39: Niet lager dan 8 want cumulatieve toxiciteit van vetoplosbare vitaminen bij langdurig hoge inname is een ernstig gezondheidsrisico. | H39: Kritisch: systematische overschrijding van veilige langdurige grenzen voor stapelende vitaminen is een directe gezondheidsbedreiging.
A40: Vitamin | B40: Biobeschikbaarheidsclaims onderbouwd | C40: 5 | D40: Ja | E40: Liposomale vitaminclaims zijn momenteel frequent misbruikt in het vitamine-segment. Weight 5 in lijn met het kernlaag criterium voor biobeschikbaarheid. | F40: Niet 8+ want de gezondheidsschade van een niet-liposomale vitamine is beperkt — het is duurder maar niet gevaarlijk. | G40: Niet lager dan 5 want misleidende premium-positionering via ongefundeerde claims heeft directe financiële impact op consumenten. | H40: Kritisch: een misleidende liposomale claim is de kernpositionering van veel premium vitaminenproducten.
A41: Module: Mineral
A42: Mineral | B42: Elementair mineraalgehalte per dosering vermeld | C42: 8 | D42: Ja | E42: Het verschil tussen 500 mg magnesiumoxide en 500 mg magnesiumbisglycinaat is enorm qua elementair magnesium. Alleen de elementaire hoeveelheid is relevant voor therapeutische dosering. | F42: Niet 10 want de COA staat hiërarchisch hoger. | G42: Niet lager dan 8 want zonder elementair gehalte is de therapeutische dosering niet te berekenen. | H42: Kritisch: zonder elementair gehalte is de therapeutische dosering volledig onbeoordeelbaar.
A43: Mineral | B43: Chemische vorm expliciet gedeclareerd | C43: 7 | D43: Ja | E43: Bisglycinaat vs citraat vs oxide zijn fundamenteel verschillende mineralenvormen qua biobeschikbaarheid. Dit is de meest impactvolle modulaire toevoeging op het kernlaag-vormencriterium. | F43: Niet 8 want het kernlaag-criterium (8) pakt de principiële eis al op; dit criterium versterkt het voor de mineralenmodule. | G43: Niet lager dan 7 want mineralenvormen bepalen direct de therapeutische waarde. | H43: Kritisch: een mineraalproduct zonder vormdeclaratie is therapeutisch niet te beoordelen.
A44: Mineral | B44: Magnesium niet primair als oxide geformuleerd | C44: 8 | D44: Ja | E44: Magnesiumoxide heeft een biobeschikbaarheid <5% en veroorzaakt primair een laxerend effect. Het is het meest gebruikte en tegelijkertijd meest inferieure mineraalvorm. Specifiek criterium vanwege de enorme marktprevalentie van oxide-producten. | F44: Niet 10 want het is een kwaliteitsoordeel, niet een veiligheidsbedreiging. | G44: Niet lager dan 8 want de marktprevalentie van magnesiumoxide-misbruik rechtvaardigt dit expliciete criterium. | H44: Kritisch: een product met magnesiumoxide als hoofdvorm levert nauwelijks elementair magnesium en onderbouwt zijn effectiviteitsclaim niet.
A45: Mineral | B45: IJzer alleen met doelgroepcontext of indicatie | C45: 8 | D45: Ja | E45: IJzer zonder indicatie is geassocieerd met oxidatieve stress bij mensen met een normale ijzerstatus. IJzersuppletie is alleen zinvol bij aangetoond tekort. Hoog gewicht want het risico van onnodige ijzerinname is reëel en wijdverbreid. | F45: Niet 10 want het is een indicatiekwestie, geen absolute veiligheidsgrens. | G45: Niet lager dan 8 want proactief ijzer aanbevelen zonder indicatie heeft een bewezen nadelig effect bij een significante groep gebruikers. | H45: Kritisch: ijzer zonder indicatiecontext is therapeutisch ongerechtvaardigd en potentieel schadelijk.
A46: Mineral | B46: Jodiumdosering met schildkliercontext | C46: 8 | D46: Ja | E46: Jodium boven 150 mcg/dag is relevant bij schildklierproblematiek. De markering is voor Hashimoto, hyper- en hypothyreoïdie essentieel. Hoog gewicht vanwege de grote prevalentie van schildklierproblematiek in de doelgroep. | F46: Niet 10 want het risico is doelgroepspecifiek. | G46: Niet lager dan 8 want jodium-geïnduceerde schildklierproblemen zijn ernstig en kunnen een bestaand evenwicht verstoren. | H46: Kritisch: hoge jodiumdosering zonder schildkliercontext-waarschuwing is gevaarlijk voor een significante subcategorie gebruikers.
A47: Mineral | B47: Doseringen binnen veilige langdurige grenzen (EFSA UL) | C47: 9 | D47: Ja | E47: Mineralen hebben smalle therapeutische vensters. De UL voor selenium (300 mcg/dag) en koper (5 mg/dag) zijn dicht bij gangbare supplementdoseringen. Weight 9 in de mineralenmodule vanwege de hogere prevalentie van UL-nadering bij mineraalsupplementen. | F47: Niet 10 want het is een veiligheidsborging voor een bestaande formulering, niet een absolute poort zoals de COA. | G47: Niet lager dan 9 want mineraaloverdosering is een ernstig en onderschat risico in de supplementsector. | H47: Kritisch: overschrijding van EFSA UL-waarden voor mineralen is een directe veiligheidsfout.
A48: Module: AminoAcid
A49: AminoAcid | B49: Vrije aminozuurvorm of equivalente actieve vorm vermeld | C49: 8 | D49: Ja | E49: Vrije aminozuren worden direct opgenomen; peptidegebonden vormen vereisen hydrolyse. De vorm bepaalt opname-kinetiek en therapeutisch profiel. | F49: Niet 10 want de identificatie van de werkzame stof (kernlaag) staat hoger. | G49: Niet lager dan 8 want aminozuurvorm bepaalt de opname-efficiëntie direct. | H49: Kritisch: een aminozuurproduct zonder vormdeclaratie is therapeutisch niet te beoordelen.
A50: AminoAcid | B50: L-vorm gebruikt waar biologisch relevant | C50: 7 | D50: Ja | E50: D-aminozuren zijn biologisch niet actief of zelfs antagonistisch in humane metabolisme. Racemische mengsels leveren slechts 50% biologisch actieve stof. | F50: Niet 9+ want de impact is afhankelijk van het specifieke aminozuur en de toepassing. | G50: Niet lager dan 7 want een racemisch mengsel halveert de effectieve biologische dosering. | H50: Kritisch: gebruik van D-aminozuren of racemische mengsels waar L-vorm vereist is ondermijnt de werkzaamheid fundamenteel.
A51: AminoAcid | B51: Creatine monohydraat als standaard of alternatief onderbouwd | C51: 8 | D51: Ja | E51: Creatine monohydraat is de meest onderzochte, veiligste en meest kosteneffectieve creatine-vorm. Alternatieve claims (Kre-Alkalyn, creatine HCl) zijn niet superieur in humane RCT's. | F51: Niet 10 want het is een kwaliteitsstandaard, niet een acute veiligheidsgrens. | G51: Niet lager dan 8 want marketing van inferieure creatine-alternatieven als superieur is een wijdverspreide misleiding. | H51: Kritisch: een creatineproduct dat inferieure alternatieven als superieur positioneert misleidt over bewezen werkzaamheid.
A52: AminoAcid | B52: Dosering klinisch relevant voor geclaimde werking | C52: 8 | D52: Ja | E52: Creatine onder 3 gram per dag bij een spierkrachtclaim, of BCAA onder 5 gram per dosis voor herstelclaims — klinische relevantie is bepalend voor de werkzaamheid. | F52: Niet 10 want de doseringscriterium staat hiërarchisch onder de verificatiepoort. | G52: Niet lager dan 8 want sub-therapeutische aminozuurdoseringen bij fitness/sport-claims zijn een directe misleiding. | H52: Kritisch: een aminozuurproduct met een niet-relevante dosering voor de geclaimde werking claimt effectiviteit die het niet kan leveren.
A53: Module: Protein
A54: Protein | B54: Geen amino spiking | C54: 9 | D54: Ja | E54: Amino spiking — toevoeging van goedkope vrije aminozuren (glycine, taurine, creatine) om de stikstofmeting te verhogen en zo een hoger eiwitgehalte te suggereren — is de meest prevalente fraudevorm in de sportvoedingsindustrie. | F54: Niet 10 want het is een kwaliteits-fraudecriterium, niet een directe veiligheidsbedreiging. | G54: Niet lager dan 9 want amino spiking is een bewuste, systematische kwaliteitsfraude. | H54: Kritisch: een product met amino spiking communiceert een eiwitgehalte dat het niet levert.
A55: Protein | B55: Contaminanten batch-specifiek getest | C55: 9 | D55: Ja | E55: Plantaardige eiwitbronnen (erwt, rijst, hennep) hebben een verhoogd risico op zware metalencontaminatie vanwege bodemabsorptie. Melkwei van niet-gecertificeerde bronnen kan residuen bevatten. | F55: Niet 10 want het is een specifieke risicocategorie-test, niet de absolute verificatiepoort. | G55: Niet lager dan 9 want eiwitproducten worden in hoge dagelijkse hoeveelheden geconsumeerd, wat het risico van lage contaminatieniveaus vergroot. | H55: Kritisch: contaminanten in producten die in gramhoeveelheden dagelijks worden ingenomen vertegenwoordigen een significant cumulatief gezondheidsrisico.
A56: Module: Polyphenol
A57: Polyphenol | B57: Actieve polyfenol exact gespecificeerd | C57: 8 | D57: Ja | E57: 'Groene thee-extract' zegt niets zonder EGCG-percentage. 'Druivenpitten-extract' zonder OPC-specificatie is niet therapeutisch beoordeelbaar. | F57: Niet 10 want de analytische bevestiging staat hoger. | G57: Niet lager dan 8 want zonder actieve fractie-specificatie is therapeutische dosering onbeoordeelbaar. | H57: Kritisch: een polyfenolproduct zonder specificatie van de actieve fractie is therapeutisch niet zinvol.
A58: Polyphenol | B58: Adulteratie of synthetische toevoeging uitgesloten | C58: 9 | D58: Ja | E58: Synthetische toevoeging van resveratrol-analogon of EGCG-syntheseproducten aan goedkope extracten is een geavanceerde fraudevorm. Bijzonder prevalent in de resveratrol- en curcuminemarkt. | F58: Niet 10 want het is fraude, niet een directe acuut toxische bedreiging. | G58: Niet lager dan 9 want synthetische adulteratie maakt het product tot een frauduleus product zonder de geclaimde therapeutische fractie. | H58: Kritisch: polyfenolen zijn duur; frauduleuze adulteratie is een bewuste, systematische misleiding.
A59: Polyphenol | B59: Zware metalen getest bij geconcentreerde extracten | C59: 8 | D59: Ja | E59: Geconcentreerde plantextracten concentreren ook zware metalen. Bij curcumine-extracten is loodcontaminatie gedocumenteerd; bij groene thee-extract eveneens. | F59: Niet 10 want dit is een categorie-specifiek contaminatiecriterium, niet de absolute kernlaag-poort. | G59: Niet lager dan 8 want geconcentreerde extracten vertegenwoordigen een sterk verhoogd contaminatierisico. | H59: Kritisch: zware metalen in geconcentreerde extracten vormen een ernstige cumulatieve gezondheidsbedreiging.
A60: Module: Enzyme
A61: Enzyme | B61: Enzymactiviteit in erkende eenheden vermeld | C61: 9 | D61: Ja | E61: Een enzymproduct zonder activiteitseenheden (FCC, HUT, DPP-IV) is volledig onbeoordeelbaar. Milligram zegt niets over enzymatische activiteit. | F61: Niet 10 want het is een declaratiecriterium, niet een veiligheidscriterium. | G61: Niet lager dan 9 want zonder activiteitseenheden is vergelijking en dosering van enzymproducten onmogelijk. | H61: Kritisch: een enzymproduct zonder activiteitsspecificatie kan niet therapeutisch worden beoordeeld of gedoseerd.
A62: Enzyme | B62: Maagzuurstabiliteit aangetoond | C62: 8 | D62: Ja | E62: Enzymen die bedoeld zijn voor systemische of lage-darm-werking moeten maagzuur overleven. Zonder bewijs van maagzuurstabiliteit is de therapeutische claim voor spijsverteringsondersteuning verdacht. | F62: Niet 10 want de activiteitsmeting (9) staat hoger als bewijs van werkzaamheid. | G62: Niet lager dan 8 want een enzym dat de maag niet overleeft heeft geen klinisch effect bij de beoogde toepassing. | H62: Kritisch: een enzym zonder aangetoonde maagzuurbestendigheid kan de geclaimde spijsverteringswerking niet uitoefenen.
A63: Module: Lipid
A64: Lipid | B64: Lipidtype en bron gedeclareerd | C64: 8 | D64: Ja | E64: Ubiquinol vs ubiquinon, CLA vs omega-6 — de lipide-specificatie bepaalt het therapeutische profiel volledig. | F64: Niet 10 want het declaratiecriterium staat onder de COA-poort. | G64: Niet lager dan 8 want verschillende lipidevormen hebben fundamenteel verschillende biologische effecten. | H64: Kritisch: een lipideproduct zonder specificatie van het actieve lipidtype is therapeutisch niet te beoordelen.
A65: Lipid | B65: Oxidatiestabiliteit geborgd | C65: 8 | D65: Ja | E65: Geoxideerde lipiden (CoQ10, omega-6, CLA) zijn niet alleen ineffectief maar kunnen pro-oxidatief zijn. Hetzelfde principe als bij omega-3. | F65: Niet 10 want lipide-oxidatie bij niet-mariene producten is een kwaliteitsgebrek, minder acuut gevaarlijk dan dioxinen in visolie. | G65: Niet lager dan 8 want geoxideerde lipiden hebben bewezen nadelige effecten. | H65: Kritisch: geoxideerde lipiden hebben het tegenovergestelde effect van het beoogde therapeutische doel.
A66: Module: Sport
A67: Sport | B67: Informed Sport / NSF Certified for Sport certificering | C67: 8 | D67: Ja | E67: Erkende sportcertificering is de basisvereiste voor competitieve sporters. Zonder certificering is het risico op dopingcontaminatie niet uitgeслoten. | F67: Niet 9+ want certificering is het startpunt; de specifieke WADA-screening (9) en batch-testing (9) zijn inhoudelijk sterker. | G67: Niet lager dan 8 want voor competitieve sporters is een erkend keurmerk een minimumvereiste. | H67: Kritisch: een als sportproduct gepositioneerd supplement zonder erkende certificering biedt geen dopingzekerheid.
A68: Sport | B68: WADA-prohibited substance screening bevestigd | C68: 9 | D68: Ja | E68: WADA-screening door een onafhankelijk lab is de inhoudelijke bevestiging dat geen verboden stoffen aanwezig zijn. Dit overstijgt de formele certificering. | F68: Niet 10 want WADA-screening is productspecifiek; batch-specifieke testing (9) staat op gelijk niveau. | G68: Niet lager dan 9 want een positieve dopingtest door een als 'WADA-clean' verkocht product is een irreversibele carrière-bedreiging. | H68: Kritisch: WADA-non-compliance bij een sportproduct is een directe atleet-beschermingsverplichting.
A69: Sport | B69: Batch-specifieke dopingtest beschikbaar | C69: 9 | D69: Ja | E69: Een eenmalige WADA-screening op één batch garandeert niets over andere batches. Batch-specifieke testing is de enige verdediging tegen productieonafhankelijke variatie. | F69: Niet 10 want het is een verificatiecriterium bovenop de WADA-screening. | G69: Niet lager dan 9 want het ontbreken van batch-specifieke testing maakt elke dopinggarantie waardeloos. | H69: Kritisch: productiebatch-inconsistentie bij sportproducten is de meest voorkomende oorzaak van onbedoelde positieve doping-testen.
A70: Sport | B70: Stimulant-achtige contaminanten uitgesloten (DMAA, DMHA, sibutramine) | C70: 9 | D70: Ja | E70: Verborgen stimulanten in sportproducten zijn een gedocumenteerd volksgezondheidsprobleem. DMAA is geassocieerd met cardiale incidenten. Dit overstijgt het dopingrisico: het is een directe veiligheidsbedreiging. | F70: Niet 10 want het is een contaminantenrisico, niet de absolute poort-verificatie. | G70: Niet lager dan 9 want verborgen stimulanten zijn gevaarlijk ongeacht het dopingrisico. | H70: Kritisch: verborgen stimulanten zijn een ernstige gezondheidsbedreiging en een absolute fraudevorm.

Sheet Settings
A1: AppliesTo | B1: EvidenceTypes | C1: SeverityTypes | D1: FailureTypes | E1: Evidence_status | F1: Evidence_quality | G1: Context_flag_types | H1: Complexity_tier | I1: Review_trigger_types
A2: ALL | B2: LABEL | C2: Critical Safety | D2: Quality fail | E2: Verified/Failed | F2: Strong | G2: b6_risk | H2: Single | I2: annual
A3: OMEGA3 | B3: SPEC | C3: Critical Integrity | D3: Safety fail | E3: Verified/Missing | F3: Moderate | G3: pregnancy | H3: Multi | I3: formula_change
A4: PROBIOTIC | B4: COA | C4: Major | D4: Compliance fail | E4: Verified/Present | F4: Weak | G4: anticoagulant | H4: Complex | I4: new_safety_data
A5: BOTANICAL | B5: STABILITY | C5: Minor | D5: Claim fail | G5: high_dose_fat_soluble | I5: batch_change
A6: VITAMIN | B6: CERTIFICATION | C6: Info | D6: Data gap | G6: sport_doping | I6: recall_alert
A7: MINERAL | B7: LITERATURE | G7: kidney_risk
A8: AMINO | B8: AUDIT | G8: thyroid_risk
A9: PROTEIN | B9: PACKAGING | G9: iron_risk
A10: POLYPHENOL | B10: FORMULATION | G10: iodine_risk
A11: ENZYME | B11: TESTDATA | G11: pediatric
A12: LIPID | G12: elderly
A13: SPORT | G13: mthfr
G14: statin_interaction
G15: blood_thinners
G16: diabetes_meds
G17: seasonal_d3
